"contents href","_image_yazkc_11 src","_image_yazkc_11 src 2","whitespace-normal","font-medium 2","h-4","pointer-events-none src","truncate","inline-block","truncate 2"
"https://shopee.co.id/EIGER-J.PERSEVERANCE-1.0-JACKET-i.19260065.12773842199?extraParams=%7B%22display_model_id%22%3A123982164120%2C%22model_selection_logic%22%3A3%7D","https://down-id.img.susercontent.com/file/id-11134207-81zte-mensyz3aqtxffe","https://down-id.img.susercontent.com/file/id-11134258-82250-mkvvn2x0joqodc","EIGER J.PERSEVERANCE 1.0 JACKET","454.000","-32%","https://deo.shopeemobile.com/shopee/modules-federation/live/0/shopee__item-card-centralisation/0.1.11/pc/b4d1b8a78b3621dbdf4a.svg","Pilih Lokal","4.9","6RB+ terjual"
"https://shopee.co.id/EIGER-JR-MOORLAND-ACTIVE-LS-TEES-i.19260065.25274745055?extraParams=%7B%22display_model_id%22%3A301954105490%2C%22model_selection_logic%22%3A3%7D","https://down-id.img.susercontent.com/file/id-11134207-822wk-mnv2rp2o38y00a","https://down-id.img.susercontent.com/file/id-11134258-82250-mkvvn2x0joqodc","EIGER JR MOORLAND ACTIVE LS TEES","154.000","-3%","https://deo.shopeemobile.com/shopee/modules-federation/live/0/shopee__item-card-centralisation/0.1.11/pc/b4d1b8a78b3621dbdf4a.svg","Pilih Lokal","5.0","114 terjual"
"https://shopee.co.id/EIGER-TOPOGRAPHIC-MAPS-T-SHIRT-i.19260065.7377179154?extraParams=%7B%22display_model_id%22%3A63466876736%2C%22model_selection_logic%22%3A3%7D","https://down-id.img.susercontent.com/file/id-11134207-81ztm-menqqlbknb4247","https://down-id.img.susercontent.com/file/id-11134258-82250-mkvvn2x0joqodc","EIGER TOPOGRAPHIC MAPS T-SHIRT","164.000","-3%","https://deo.shopeemobile.com/shopee/modules-federation/live/0/shopee__item-card-centralisation/0.1.11/pc/b4d1b8a78b3621dbdf4a.svg","Pilih Lokal","4.9","5RB+ terjual"
"https://shopee.co.id/EIGER-KALAMANTARA-BLK-BORNEO-F1-SHIRT-i.19260065.18778457514?extraParams=%7B%22display_model_id%22%3A127553151714%2C%22model_selection_logic%22%3A3%7D","https://down-id.img.susercontent.com/file/id-11134207-7rbk0-mary5d5o9cf217","https://down-id.img.susercontent.com/file/id-11134258-82250-mkvvn2x0joqodc","EIGER KALAMANTARA BLK BORNEO F1 SHIRT","354.240","-4%","https://deo.shopeemobile.com/shopee/modules-federation/live/0/shopee__item-card-centralisation/0.1.11/pc/b4d1b8a78b3621dbdf4a.svg","Pilih Lokal","4.9","3RB+ terjual"
"https://shopee.co.id/EIGER-HEMLOCK-SS-T-SHIRT-RX-1.0-i.19260065.41752395875?extraParams=%7B%22display_model_id%22%3A237843064251%2C%22model_selection_logic%22%3A3%7D","https://down-id.img.susercontent.com/file/id-11134207-7rbk3-maarsns2em6c7d","https://down-id.img.susercontent.com/file/id-11134258-82250-mkvvn2x0joqodc","EIGER HEMLOCK SS T-SHIRT RX 1.0","169.300","-32%","https://deo.shopeemobile.com/shopee/modules-federation/live/0/shopee__item-card-centralisation/0.1.11/pc/b4d1b8a78b3621dbdf4a.svg","Pilih Lokal","4.9","460 terjual"
"https://shopee.co.id/EIGER-X-TRAVERIAN-HOODIE-JACKET-i.19260065.13358710175?extraParams=%7B%22display_model_id%22%3A77973326804%2C%22model_selection_logic%22%3A3%7D","https://down-id.img.susercontent.com/file/5fc6426b964406a21a2996a0fc0bfe9d","https://down-id.img.susercontent.com/file/id-11134258-82250-mkvvn2x0joqodc","EIGER X-TRAVERIAN HOODIE JACKET","424.000","-3%","https://deo.shopeemobile.com/shopee/modules-federation/live/0/shopee__item-card-centralisation/0.1.11/pc/b4d1b8a78b3621dbdf4a.svg","Pilih Lokal","4.9","5RB+ terjual"
"https://shopee.co.id/EIGER-LUDIC-SS-T-SHIRT-RX-i.19260065.44455000178?extraParams=%7B%22display_model_id%22%3A260423388864%2C%22model_selection_logic%22%3A3%7D","https://down-id.img.susercontent.com/file/id-11134207-7ra0t-mb4zophg24v864","https://down-id.img.susercontent.com/file/id-11134258-82250-mkvvn2x0joqodc","EIGER LUDIC SS T-SHIRT RX","234.000","-2%","https://deo.shopeemobile.com/shopee/modules-federation/live/0/shopee__item-card-centralisation/0.1.11/pc/b4d1b8a78b3621dbdf4a.svg","Pilih Lokal","4.9","549 terjual"
"https://shopee.co.id/EIGER-RASTER-LOGO-T-SHIRT-i.19260065.8815640256?extraParams=%7B%22display_model_id%22%3A43707820432%2C%22model_selection_logic%22%3A3%7D","https://down-id.img.susercontent.com/file/id-11134207-7ra0o-mdmnrobhjp7cca","https://down-id.img.susercontent.com/file/id-11134258-82250-mkvvn2x0joqodc","EIGER RASTER LOGO T-SHIRT","154.000","-3%","https://deo.shopeemobile.com/shopee/modules-federation/live/0/shopee__item-card-centralisation/0.1.11/pc/b4d1b8a78b3621dbdf4a.svg","Pilih Lokal","4.9","3RB+ terjual"
"https://shopee.co.id/EIGER-X-CALM-TEES-i.19260065.22587036079?extraParams=%7B%22display_model_id%22%3A222304200400%2C%22model_selection_logic%22%3A3%7D","https://down-id.img.susercontent.com/file/id-11134207-7r98u-logk5yz0qzr482","https://down-id.img.susercontent.com/file/id-11134258-82250-mkvvn2x0joqodc","EIGER X CALM TEES","164.000","-3%","https://deo.shopeemobile.com/shopee/modules-federation/live/0/shopee__item-card-centralisation/0.1.11/pc/b4d1b8a78b3621dbdf4a.svg","Pilih Lokal","4.9","1RB+ terjual"
"https://shopee.co.id/EIGER-ANATOMIC-CAMOU-XT-BOXER-i.19260065.41463938989?extraParams=%7B%22display_model_id%22%3A296151211274%2C%22model_selection_logic%22%3A3%7D","https://down-id.img.susercontent.com/file/id-11134207-7ra0o-mdlpd8a11rbgff","https://down-id.img.susercontent.com/file/id-11134258-82250-mkvvn2x0joqodc","EIGER ANATOMIC CAMOU XT BOXER","119.200","-20%","","Pilih Lokal","4.9","258 terjual"
"https://shopee.co.id/EIGER-RIVULET-WRM-SS-T-SHIRT-1.0-i.19260065.25596359851?extraParams=%7B%22display_model_id%22%3A118727526505%2C%22model_selection_logic%22%3A3%7D","https://down-id.img.susercontent.com/file/id-11134207-7ra0o-mdecxxot1izn31","https://down-id.img.susercontent.com/file/id-11134258-82250-mkvvn2x0joqodc","EIGER RIVULET WRM SS T-SHIRT 1.0","155.300","-32%","https://deo.shopeemobile.com/shopee/modules-federation/live/0/shopee__item-card-centralisation/0.1.11/pc/b4d1b8a78b3621dbdf4a.svg","Pilih Lokal","4.9","759 terjual"
"https://shopee.co.id/EIGER-X-MOVETRACK-SHORTS-i.19260065.3039041708?extraParams=%7B%22display_model_id%22%3A45053147134%2C%22model_selection_logic%22%3A3%7D","https://down-id.img.susercontent.com/file/97662be5daf65c6a1956b833d2d8201c","https://down-id.img.susercontent.com/file/id-11134258-82250-mkvvn2x0joqodc","EIGER X-MOVETRACK SHORTS","234.000","-2%","https://deo.shopeemobile.com/shopee/modules-federation/live/0/shopee__item-card-centralisation/0.1.11/pc/b4d1b8a78b3621dbdf4a.svg","Pilih Lokal","4.9","1RB+ terjual"
"https://shopee.co.id/EIGER-JUNIOR-MOORLAND-INSULATION-JACKET-i.19260065.25191366589?extraParams=%7B%22display_model_id%22%3A223796149799%2C%22model_selection_logic%22%3A3%7D","https://down-id.img.susercontent.com/file/id-11134207-7rbkc-m669yuegkjwzc2","https://down-id.img.susercontent.com/file/id-11134258-82250-mkvvn2x0joqodc","EIGER JUNIOR MOORLAND INSULATION JACKET","574.000","-4%","https://deo.shopeemobile.com/shopee/modules-federation/live/0/shopee__item-card-centralisation/0.1.11/pc/b4d1b8a78b3621dbdf4a.svg","Pilih Lokal","5.0","91 terjual"
"https://shopee.co.id/EIGER-GRAVEL-2.0-X28-LS-UPDATED-SHIRT-i.19260065.16572477986?extraParams=%7B%22display_model_id%22%3A125932239433%2C%22model_selection_logic%22%3A3%7D","https://down-id.img.susercontent.com/file/ec7dfbb045ada99a287705d16254bf52","https://down-id.img.susercontent.com/file/id-11134258-82250-mkvvn2x0joqodc","EIGER GRAVEL 2.0 X28 LS UPDATED SHIRT","282.200","-21%","https://deo.shopeemobile.com/shopee/modules-federation/live/0/shopee__item-card-centralisation/0.1.11/pc/b4d1b8a78b3621dbdf4a.svg","Pilih Lokal","4.9","1RB+ terjual"
"https://shopee.co.id/EIGER-IRON-STEEL-T-SHIRT-(SHORT-SLEEVES)-i.19260065.6979493865?extraParams=%7B%22display_model_id%22%3A63712664212%2C%22model_selection_logic%22%3A3%7D","https://down-id.img.susercontent.com/file/90f1d84e1fd4b2d8144f0062c4a878d3","https://down-id.img.susercontent.com/file/id-11134258-82250-mkvvn2x0joqodc","EIGER IRON STEEL T-SHIRT (SHORT SLEEVES)","204.000","-2%","https://deo.shopeemobile.com/shopee/modules-federation/live/0/shopee__item-card-centralisation/0.1.11/pc/b4d1b8a78b3621dbdf4a.svg","Pilih Lokal","4.9","2RB+ terjual"
"https://shopee.co.id/EIGER-TWO-PATH-MT-T-SHIRT-i.19260065.5479495294?extraParams=%7B%22display_model_id%22%3A43712632993%2C%22model_selection_logic%22%3A3%7D","https://down-id.img.susercontent.com/file/id-11134207-81ztk-mfrpm7100mxb35","https://down-id.img.susercontent.com/file/id-11134258-82250-mkvvn2x0joqodc","EIGER TWO PATH MT T-SHIRT","174.000","-3%","https://deo.shopeemobile.com/shopee/modules-federation/live/0/shopee__item-card-centralisation/0.1.11/pc/b4d1b8a78b3621dbdf4a.svg","Pilih Lokal","4.9","4RB+ terjual"
"https://shopee.co.id/EIGER-JUNIOR-ELM-SS-TEES-i.19260065.27684114987?extraParams=%7B%22display_model_id%22%3A385809164760%2C%22model_selection_logic%22%3A3%7D","https://down-id.img.susercontent.com/file/id-11134207-822wh-mn9hwasyz8jpab","https://down-id.img.susercontent.com/file/id-11134258-82250-mkvvn2x0joqodc","EIGER JUNIOR ELM SS TEES","154.000","-3%","https://deo.shopeemobile.com/shopee/modules-federation/live/0/shopee__item-card-centralisation/0.1.11/pc/b4d1b8a78b3621dbdf4a.svg","Pilih Lokal","5.0","94 terjual"
"https://shopee.co.id/EIGER-FINGER-PRINT-T-SHIRT-i.19260065.7484084489?extraParams=%7B%22display_model_id%22%3A54542159004%2C%22model_selection_logic%22%3A3%7D","https://down-id.img.susercontent.com/file/id-11134207-7ra0l-mdmnrobhtj9n80","https://down-id.img.susercontent.com/file/id-11134258-82250-mkvvn2x0joqodc","EIGER FINGER PRINT T-SHIRT","154.000","-3%","https://deo.shopeemobile.com/shopee/modules-federation/live/0/shopee__item-card-centralisation/0.1.11/pc/b4d1b8a78b3621dbdf4a.svg","Pilih Lokal","4.9","3RB+ terjual"
"https://shopee.co.id/EIGER-176-RIBSTOP-PANTS-i.19260065.11404883763?extraParams=%7B%22display_model_id%22%3A121020214259%2C%22model_selection_logic%22%3A3%7D","https://down-id.img.susercontent.com/file/id-11134207-7rasd-m2lu8u1j3kbkfa","https://down-id.img.susercontent.com/file/id-11134258-82250-mkvvn2x0joqodc","EIGER 176 RIBSTOP PANTS","424.000","-3%","https://deo.shopeemobile.com/shopee/modules-federation/live/0/shopee__item-card-centralisation/0.1.11/pc/b4d1b8a78b3621dbdf4a.svg","Pilih Lokal","4.9","1RB+ terjual"
"https://shopee.co.id/EIGER-JUNIOR-HAZEL-SS-TEES-i.19260065.29280666133?extraParams=%7B%22display_model_id%22%3A178805574139%2C%22model_selection_logic%22%3A3%7D","https://down-id.img.susercontent.com/file/id-11134207-822wk-mmr4drk9vrwge4","https://down-id.img.susercontent.com/file/id-11134258-82250-mkvvn2x0joqodc","EIGER JUNIOR HAZEL SS TEES","149.000","","","Pilih Lokal","4.9","154 terjual"
"https://shopee.co.id/EIGER-X-FULL-PRINT-EIGER-T-SHIRT-i.19260065.8939210945?extraParams=%7B%22display_model_id%22%3A54724300379%2C%22model_selection_logic%22%3A3%7D","https://down-id.img.susercontent.com/file/f42255dae053a5796e24e224562be09a","https://down-id.img.susercontent.com/file/id-11134258-82250-mkvvn2x0joqodc","EIGER X-FULL PRINT EIGER T-SHIRT","184.000","-3%","https://deo.shopeemobile.com/shopee/modules-federation/live/0/shopee__item-card-centralisation/0.1.11/pc/b4d1b8a78b3621dbdf4a.svg","Pilih Lokal","4.9","2RB+ terjual"
"https://shopee.co.id/EIGER-ASCEND-AVENGERS-SLEEVELESS-T-SHIRT-i.19260065.29590450696?extraParams=%7B%22display_model_id%22%3A108734205356%2C%22model_selection_logic%22%3A3%7D","https://down-id.img.susercontent.com/file/id-11134207-7ra0i-mdtzglh8w13gd0","https://down-id.img.susercontent.com/file/id-11134258-82250-mkvvn2x0joqodc","EIGER ASCEND AVENGERS SLEEVELESS T-SHIRT","164.000","-3%","https://deo.shopeemobile.com/shopee/modules-federation/live/0/shopee__item-card-centralisation/0.1.11/pc/b4d1b8a78b3621dbdf4a.svg","Pilih Lokal","5.0","80 terjual"
"https://shopee.co.id/EIGER-ETNISCH-LS-T-SHIRT-i.19260065.10035790413?extraParams=%7B%22display_model_id%22%3A390691509017%2C%22model_selection_logic%22%3A3%7D","https://down-id.img.susercontent.com/file/id-11134207-822wj-mmb8j2ugi1hd8a","https://down-id.img.susercontent.com/file/id-11134258-82250-mkvvn2x0joqodc","EIGER ETNISCH LS T-SHIRT","184.000","-3%","https://deo.shopeemobile.com/shopee/modules-federation/live/0/shopee__item-card-centralisation/0.1.11/pc/b4d1b8a78b3621dbdf4a.svg","Pilih Lokal","4.9","1RB+ terjual"
"https://shopee.co.id/EIGER-SKETCH-GEOMETRIC-T-SHIRT-i.19260065.8115638442?extraParams=%7B%22display_model_id%22%3A73708000603%2C%22model_selection_logic%22%3A3%7D","https://down-id.img.susercontent.com/file/43d9fb990576671a81835e8ecff1227a","https://down-id.img.susercontent.com/file/id-11134258-82250-mkvvn2x0joqodc","EIGER SKETCH GEOMETRIC T-SHIRT","118.300","-30%","","Pilih Lokal","4.9","1RB+ terjual"
"https://shopee.co.id/EIGER-X-SAOBI-POLOSHIRT-SS-i.19260065.40219603578?extraParams=%7B%22display_model_id%22%3A296605007385%2C%22model_selection_logic%22%3A3%7D","https://down-id.img.susercontent.com/file/id-11134207-81zti-mes2jv3gk4jp04","https://down-id.img.susercontent.com/file/id-11134258-82250-mkvvn2x0joqodc","EIGER X- SAOBI POLOSHIRT SS","274.000","-2%","https://deo.shopeemobile.com/shopee/modules-federation/live/0/shopee__item-card-centralisation/0.1.11/pc/b4d1b8a78b3621dbdf4a.svg","Pilih Lokal","5.0","166 terjual"
"https://shopee.co.id/EIGER-MS-EQUATOR-WINDPROOF-JACKET-F1-i.19260065.25119743838?extraParams=%7B%22display_model_id%22%3A207382355570%2C%22model_selection_logic%22%3A3%7D","https://down-id.img.susercontent.com/file/id-11134207-7r991-lt1viu94r6c9a6","https://down-id.img.susercontent.com/file/id-11134258-82250-mkvvn2x0joqodc","EIGER MS EQUATOR WINDPROOF JACKET F1","684.000","-4%","https://deo.shopeemobile.com/shopee/modules-federation/live/0/shopee__item-card-centralisation/0.1.11/pc/b4d1b8a78b3621dbdf4a.svg","Pilih Lokal","4.9","1RB+ terjual"
"https://shopee.co.id/EIGER-HILLWANDER-HOODIE-SWEATER-i.19260065.43106841986?extraParams=%7B%22display_model_id%22%3A301052275940%2C%22model_selection_logic%22%3A3%7D","https://down-id.img.susercontent.com/file/id-11134207-7ra0n-mbnotzbzet7o56","https://down-id.img.susercontent.com/file/id-11134258-82250-mkvvn2x0joqodc","EIGER HILLWANDER HOODIE SWEATER","344.300","-31%","https://deo.shopeemobile.com/shopee/modules-federation/live/0/shopee__item-card-centralisation/0.1.11/pc/b4d1b8a78b3621dbdf4a.svg","Pilih Lokal","4.9","327 terjual"
"https://shopee.co.id/EIGER-Z-OSTRYA-LONG-SHIRT-i.19260065.22041427479?extraParams=%7B%22display_model_id%22%3A158194483073%2C%22model_selection_logic%22%3A3%7D","https://down-id.img.susercontent.com/file/id-11134207-7qul7-lgdcl15stbzx7e","https://down-id.img.susercontent.com/file/id-11134258-82250-mkvvn2x0joqodc","EIGER Z-OSTRYA LONG SHIRT","239.300","-31%","https://deo.shopeemobile.com/shopee/modules-federation/live/0/shopee__item-card-centralisation/0.1.11/pc/b4d1b8a78b3621dbdf4a.svg","Pilih Lokal","4.9","1RB+ terjual"
"https://shopee.co.id/EIGER-LINE-LOGO-LS-T-SHIRT-i.19260065.56760417908?extraParams=%7B%22display_model_id%22%3A287613705679%2C%22model_selection_logic%22%3A3%7D","https://down-id.img.susercontent.com/file/id-11134207-822wg-mo6m39oto0zp9c","https://down-id.img.susercontent.com/file/id-11134258-8224z-mkvwcf6270g1ad","EIGER LINE LOGO LS T-SHIRT","244.000","-2%","https://deo.shopeemobile.com/shopee/modules-federation/live/0/shopee__item-card-centralisation/0.1.11/pc/b4d1b8a78b3621dbdf4a.svg","Produk Baru","4.9 Penilaian Toko",""
"https://shopee.co.id/EIGER-PUNAN-MT-POLO-SHIRT-i.19260065.10872788362?extraParams=%7B%22display_model_id%22%3A37833454124%2C%22model_selection_logic%22%3A3%7D","https://down-id.img.susercontent.com/file/ae8fd70a6e8cbdbfb7f27e2bed3261d8","https://down-id.img.susercontent.com/file/id-11134258-82250-mkvvn2x0joqodc","EIGER PUNAN MT POLO SHIRT","244.000","-2%","https://deo.shopeemobile.com/shopee/modules-federation/live/0/shopee__item-card-centralisation/0.1.11/pc/b4d1b8a78b3621dbdf4a.svg","Pilih Lokal","4.9","1RB+ terjual"
"https://shopee.co.id/EIGER-ANATOMIC-BRIEFS-BOXER-i.19260065.40963946312?extraParams=%7B%22display_model_id%22%3A291151481006%2C%22model_selection_logic%22%3A3%7D","https://down-id.img.susercontent.com/file/id-11134207-7ra0r-mdlr5hhg2g0ebb","https://down-id.img.susercontent.com/file/id-11134258-82250-mkvvn2x0joqodc","EIGER ANATOMIC BRIEFS BOXER","79.200","-20%","","Pilih Lokal","4.9","327 terjual"
"https://shopee.co.id/EIGER-WS-NAYA-BOYSHORT-UNDIES-i.19260065.25513690052?extraParams=%7B%22display_model_id%22%3A137845218878%2C%22model_selection_logic%22%3A3%7D","https://down-id.img.susercontent.com/file/id-11134207-7r98s-lrsflv63mlahe5","https://down-id.img.susercontent.com/file/id-11134258-82250-mkvvn2x0joqodc","EIGER WS NAYA BOYSHORT UNDIES","139.000","","","Pilih Lokal","4.9","79 terjual"
"https://shopee.co.id/EIGER-ALTO-SOFTSHELL-JACKET-i.19260065.27724853589?extraParams=%7B%22display_model_id%22%3A108579343191%2C%22model_selection_logic%22%3A3%7D","https://down-id.img.susercontent.com/file/id-11134207-7rasi-m5nq82oyqwnn3c","https://down-id.img.susercontent.com/file/id-11134258-82250-mkvvn2x0joqodc","EIGER ALTO SOFTSHELL JACKET","724.000","-3%","https://deo.shopeemobile.com/shopee/modules-federation/live/0/shopee__item-card-centralisation/0.1.11/pc/b4d1b8a78b3621dbdf4a.svg","Pilih Lokal","4.9","433 terjual"
"https://shopee.co.id/EIGER-CHROMATIC-WAVES-T-SHIRT-i.19260065.8510578879?extraParams=%7B%22display_model_id%22%3A24100399107%2C%22model_selection_logic%22%3A3%7D","https://down-id.img.susercontent.com/file/id-11134207-7ra0h-mdfl26506xjsa8","https://down-id.img.susercontent.com/file/id-11134258-82250-mkvvn2x0joqodc","EIGER CHROMATIC WAVES T-SHIRT","174.000","-3%","https://deo.shopeemobile.com/shopee/modules-federation/live/0/shopee__item-card-centralisation/0.1.11/pc/b4d1b8a78b3621dbdf4a.svg","Pilih Lokal","4.9","5RB+ terjual"
"https://shopee.co.id/EIGER-28-GUNUNG-LIST-T-SHIRT-i.19260065.10004900785?extraParams=%7B%22display_model_id%22%3A76392857968%2C%22model_selection_logic%22%3A3%7D","https://down-id.img.susercontent.com/file/fc16144e73458a3ce5ced43b279d5ac3","https://down-id.img.susercontent.com/file/id-11134258-82250-mkvvn2x0joqodc","EIGER 28 GUNUNG LIST T-SHIRT","164.000","-3%","https://deo.shopeemobile.com/shopee/modules-federation/live/0/shopee__item-card-centralisation/0.1.11/pc/b4d1b8a78b3621dbdf4a.svg","Pilih Lokal","4.9","1RB+ terjual"
"https://shopee.co.id/EIGER-CUVETTE-T-SHIRT-i.19260065.16100058888?extraParams=%7B%22display_model_id%22%3A170002207421%2C%22model_selection_logic%22%3A3%7D","https://down-id.img.susercontent.com/file/266c7d7e16a27cd48280afbb4c3820a2","https://down-id.img.susercontent.com/file/id-11134258-82250-mkvvn2x0joqodc","EIGER CUVETTE T-SHIRT","194.000","-3%","https://deo.shopeemobile.com/shopee/modules-federation/live/0/shopee__item-card-centralisation/0.1.11/pc/b4d1b8a78b3621dbdf4a.svg","Pilih Lokal","4.9","1RB+ terjual"
"https://shopee.co.id/EIGER-INDONESIA-L-S-T-SHIRT-i.19260065.5174500896?extraParams=%7B%22display_model_id%22%3A53173355715%2C%22model_selection_logic%22%3A3%7D","https://down-id.img.susercontent.com/file/id-11134207-7rash-m126slppgsnuf6","https://down-id.img.susercontent.com/file/id-11134258-82250-mkvvn2x0joqodc","EIGER INDONESIA L/S T-SHIRT","224.000","-2%","https://deo.shopeemobile.com/shopee/modules-federation/live/0/shopee__item-card-centralisation/0.1.11/pc/b4d1b8a78b3621dbdf4a.svg","Pilih Lokal","4.9","2RB+ terjual"
"https://shopee.co.id/EIGER-MICHIGAN-HOODIE-2.0-SWEATER-i.19260065.6285129129?extraParams=%7B%22display_model_id%22%3A302582885966%2C%22model_selection_logic%22%3A3%7D","https://down-id.img.susercontent.com/file/id-11134207-822wl-mno6o362qbr4a6","https://down-id.img.susercontent.com/file/id-11134258-82250-mkvvn2x0joqodc","EIGER MICHIGAN HOODIE 2.0 SWEATER","484.000","-3%","https://deo.shopeemobile.com/shopee/modules-federation/live/0/shopee__item-card-centralisation/0.1.11/pc/b4d1b8a78b3621dbdf4a.svg","Pilih Lokal","4.9","2RB+ terjual"
"https://shopee.co.id/EIGER-BALATON-FULL-PRINT-TEES-i.19260065.14068700176?extraParams=%7B%22display_model_id%22%3A134952739307%2C%22model_selection_logic%22%3A3%7D","https://down-id.img.susercontent.com/file/f6433baeecf83fa749c7706b92f8a840","https://down-id.img.susercontent.com/file/id-11134258-82250-mkvvn2x0joqodc","EIGER BALATON FULL PRINT TEES","204.000","-2%","https://deo.shopeemobile.com/shopee/modules-federation/live/0/shopee__item-card-centralisation/0.1.11/pc/b4d1b8a78b3621dbdf4a.svg","Pilih Lokal","4.9","2RB+ terjual"
"https://shopee.co.id/EIGER-ADVENTURE-EXPLORATION-T-SHIRT-i.19260065.8315643371?extraParams=%7B%22display_model_id%22%3A43707998737%2C%22model_selection_logic%22%3A3%7D","https://down-id.img.susercontent.com/file/id-11134207-7ra0q-mdfk3462xmt05d","https://down-id.img.susercontent.com/file/id-11134258-82250-mkvvn2x0joqodc","EIGER ADVENTURE EXPLORATION T-SHIRT","204.000","-2%","https://deo.shopeemobile.com/shopee/modules-federation/live/0/shopee__item-card-centralisation/0.1.11/pc/b4d1b8a78b3621dbdf4a.svg","Pilih Lokal","4.9","1RB+ terjual"
"https://shopee.co.id/EIGER-X-MANGROVE-1.0-HOODIE-JACKET-i.19260065.14701332691?extraParams=%7B%22display_model_id%22%3A340298605007%2C%22model_selection_logic%22%3A3%7D","https://down-id.img.susercontent.com/file/id-11134207-82252-mi9oowlf1kar62","https://down-id.img.susercontent.com/file/id-11134258-82250-mkvvn2x0joqodc","EIGER X-MANGROVE 1.0 HOODIE JACKET","484.000","-3%","https://deo.shopeemobile.com/shopee/modules-federation/live/0/shopee__item-card-centralisation/0.1.11/pc/b4d1b8a78b3621dbdf4a.svg","Pilih Lokal","4.9","8RB+ terjual"
"https://shopee.co.id/EIGER-X-WOODMOUNT-POLO-SHIRT-i.19260065.12752007467?extraParams=%7B%22display_model_id%22%3A150038350236%2C%22model_selection_logic%22%3A3%7D","https://down-id.img.susercontent.com/file/40b4c4fbdb0fe076dca5f3e10ba8ac39","https://down-id.img.susercontent.com/file/id-11134258-82250-mkvvn2x0joqodc","EIGER X-WOODMOUNT POLO SHIRT","254.000","-2%","https://deo.shopeemobile.com/shopee/modules-federation/live/0/shopee__item-card-centralisation/0.1.11/pc/b4d1b8a78b3621dbdf4a.svg","Pilih Lokal","4.9","2RB+ terjual"
"https://shopee.co.id/EIGER-X-K.REACTION-T-SHIRT-i.19260065.20706936354?extraParams=%7B%22display_model_id%22%3A261557858940%2C%22model_selection_logic%22%3A3%7D","https://down-id.img.susercontent.com/file/id-11134207-81ztg-meto82iqz5dy96","https://down-id.img.susercontent.com/file/id-11134258-82250-mkvvn2x0joqodc","EIGER X-K.REACTION T-SHIRT","154.000","-3%","https://deo.shopeemobile.com/shopee/modules-federation/live/0/shopee__item-card-centralisation/0.1.11/pc/b4d1b8a78b3621dbdf4a.svg","Pilih Lokal","4.9","6RB+ terjual"
"https://shopee.co.id/EIGER-SKILD-SS-TEES-i.19260065.25619166171?extraParams=%7B%22display_model_id%22%3A240486109976%2C%22model_selection_logic%22%3A3%7D","https://down-id.img.susercontent.com/file/id-11134207-7r98z-lsw2o4c990b14e","https://down-id.img.susercontent.com/file/id-11134258-82250-mkvvn2x0joqodc","EIGER SKILD SS TEES","174.000","-3%","https://deo.shopeemobile.com/shopee/modules-federation/live/0/shopee__item-card-centralisation/0.1.11/pc/b4d1b8a78b3621dbdf4a.svg","Pilih Lokal","4.9","1RB+ terjual"
"https://shopee.co.id/EIGER-VERT89-LS-T-SHIRT-i.19260065.26884595705?extraParams=%7B%22display_model_id%22%3A206026235598%2C%22model_selection_logic%22%3A3%7D","https://down-id.img.susercontent.com/file/id-11134207-7rbk3-m8x2gd84euzi5d","https://down-id.img.susercontent.com/file/id-11134258-82250-mkvvn2x0joqodc","EIGER VERT89 LS T-SHIRT","194.200","-22%","https://deo.shopeemobile.com/shopee/modules-federation/live/0/shopee__item-card-centralisation/0.1.11/pc/b4d1b8a78b3621dbdf4a.svg","Pilih Lokal","4.9","535 terjual"
"https://shopee.co.id/EIGER-ASCEND-TRACK-1.0-XT-PANTS-i.19260065.41265701575?extraParams=%7B%22display_model_id%22%3A266293432581%2C%22model_selection_logic%22%3A3%7D","https://down-id.img.susercontent.com/file/id-11134207-81zto-mdzrubcvj6rqb5","https://down-id.img.susercontent.com/file/id-11134258-82250-mkvvn2x0joqodc","EIGER ASCEND TRACK 1.0 XT PANTS","392.200","-23%","https://deo.shopeemobile.com/shopee/modules-federation/live/0/shopee__item-card-centralisation/0.1.11/pc/b4d1b8a78b3621dbdf4a.svg","Pilih Lokal","4.9","142 terjual"
"https://shopee.co.id/EIGER-INFLUENTIAL-T-SHIRT-i.19260065.5485086856?extraParams=%7B%22display_model_id%22%3A34722992264%2C%22model_selection_logic%22%3A3%7D","https://down-id.img.susercontent.com/file/id-11134207-7rasg-m2lu8u1io4ard8","https://down-id.img.susercontent.com/file/id-11134258-82250-mkvvn2x0joqodc","EIGER INFLUENTIAL T-SHIRT","224.000","-2%","https://deo.shopeemobile.com/shopee/modules-federation/live/0/shopee__item-card-centralisation/0.1.11/pc/b4d1b8a78b3621dbdf4a.svg","Pilih Lokal","4.9","2RB+ terjual"
"https://shopee.co.id/EIGER-LUGANO-WIDE-ANKLE-PANTS-i.19260065.40106974020?extraParams=%7B%22display_model_id%22%3A198640319010%2C%22model_selection_logic%22%3A3%7D","https://down-id.img.susercontent.com/file/id-11134207-7ra0u-mborumsmfyj7bd","https://down-id.img.susercontent.com/file/id-11134258-82250-mkvvn2x0joqodc","EIGER LUGANO WIDE ANKLE PANTS","225.300","-32%","https://deo.shopeemobile.com/shopee/modules-federation/live/0/shopee__item-card-centralisation/0.1.11/pc/b4d1b8a78b3621dbdf4a.svg","Pilih Lokal","4.9","187 terjual"
"https://shopee.co.id/EIGER-X-CAMPSHIRE-SWEATER-i.19260065.11137578135?extraParams=%7B%22display_model_id%22%3A27371892563%2C%22model_selection_logic%22%3A3%7D","https://down-id.img.susercontent.com/file/4d2718cfb6f0132e826cf770f20bb5b3","https://down-id.img.susercontent.com/file/id-11134258-82250-mkvvn2x0joqodc","EIGER X-CAMPSHIRE SWEATER","464.000","-3%","https://deo.shopeemobile.com/shopee/modules-federation/live/0/shopee__item-card-centralisation/0.1.11/pc/b4d1b8a78b3621dbdf4a.svg","Pilih Lokal","4.8","2RB+ terjual"
"https://shopee.co.id/EIGER-FIGHTER-EAGLE-LS-T-SHIRT-i.19260065.24916969737?extraParams=%7B%22display_model_id%22%3A222564085608%2C%22model_selection_logic%22%3A3%7D","https://down-id.img.susercontent.com/file/id-11134207-7r98t-lsjebh05cpif81","https://down-id.img.susercontent.com/file/id-11134258-82250-mkvvn2x0joqodc","EIGER FIGHTER EAGLE LS T-SHIRT","170.200","-22%","https://deo.shopeemobile.com/shopee/modules-federation/live/0/shopee__item-card-centralisation/0.1.11/pc/b4d1b8a78b3621dbdf4a.svg","Pilih Lokal","4.9","455 terjual"
"https://shopee.co.id/EIGER-MENS-VANASEEKER-WARMER-JACKET-i.19260065.18353486438?extraParams=%7B%22display_model_id%22%3A212686324034%2C%22model_selection_logic%22%3A3%7D","https://down-id.img.susercontent.com/file/id-11134207-7r98p-lmww6mlyoaz2f0","https://down-id.img.susercontent.com/file/id-11134258-82250-mkvvn2x0joqodc","EIGER MENS VANASEEKER WARMER JACKET","330.200","-21%","https://deo.shopeemobile.com/shopee/modules-federation/live/0/shopee__item-card-centralisation/0.1.11/pc/b4d1b8a78b3621dbdf4a.svg","Pilih Lokal","4.9","1RB+ terjual"
"https://shopee.co.id/EIGER-CHOMOLUNGMA-LS-TEES-i.19260065.27560429052?extraParams=%7B%22display_model_id%22%3A147452306188%2C%22model_selection_logic%22%3A3%7D","https://down-id.img.susercontent.com/file/id-11134207-7r98u-lzufx8r632l754","https://down-id.img.susercontent.com/file/id-11134258-82250-mkvvn2x0joqodc","EIGER CHOMOLUNGMA LS TEES","214.000","-2%","https://deo.shopeemobile.com/shopee/modules-federation/live/0/shopee__item-card-centralisation/0.1.11/pc/b4d1b8a78b3621dbdf4a.svg","Pilih Lokal","4.9","251 terjual"
"https://shopee.co.id/EIGER-MACHINE-STREET-2.0-SHIRT-i.19260065.24896983801?extraParams=%7B%22display_model_id%22%3A206266127255%2C%22model_selection_logic%22%3A3%7D","https://down-id.img.susercontent.com/file/id-11134207-81ztj-meqm39c82rk124","https://down-id.img.susercontent.com/file/id-11134258-82250-mkvvn2x0joqodc","EIGER MACHINE STREET 2.0 SHIRT","344.640","-4%","https://deo.shopeemobile.com/shopee/modules-federation/live/0/shopee__item-card-centralisation/0.1.11/pc/b4d1b8a78b3621dbdf4a.svg","Pilih Lokal","4.9","163 terjual"
"https://shopee.co.id/EIGER-RETREP-SS-T-SHIRT-RX-i.19260065.53458389988?extraParams=%7B%22display_model_id%22%3A400745075416%2C%22model_selection_logic%22%3A3%7D","https://down-id.img.susercontent.com/file/id-11134207-822wm-mmskqdvjxji989","https://down-id.img.susercontent.com/file/id-11134258-82250-mkvvn2x0joqodc","EIGER RETREP SS T-SHIRT RX","194.000","-3%","https://deo.shopeemobile.com/shopee/modules-federation/live/0/shopee__item-card-centralisation/0.1.11/pc/b4d1b8a78b3621dbdf4a.svg","Pilih Lokal","4.9","102 terjual"
"https://shopee.co.id/EIGER-VALMIERA-JACKET-2.0-i.19260065.14746762294?extraParams=%7B%22display_model_id%22%3A86992048829%2C%22model_selection_logic%22%3A3%7D","https://down-id.img.susercontent.com/file/cbb56abb66678fe1efaaa37452611f58","https://down-id.img.susercontent.com/file/id-11134258-82250-mkvvn2x0joqodc","EIGER VALMIERA JACKET 2.0","574.000","-4%","https://deo.shopeemobile.com/shopee/modules-federation/live/0/shopee__item-card-centralisation/0.1.11/pc/b4d1b8a78b3621dbdf4a.svg","Pilih Lokal","4.9","1RB+ terjual"
"https://shopee.co.id/EIGER-HYRCANIAN-SS-1.0-T-SHIRT-i.19260065.51252137945?extraParams=%7B%22display_model_id%22%3A218782686632%2C%22model_selection_logic%22%3A3%7D","https://down-id.img.susercontent.com/file/id-11134207-8224r-mhiv99g5qfwh96","https://down-id.img.susercontent.com/file/id-11134258-82250-mkvvn2x0joqodc","EIGER HYRCANIAN SS 1.0 T-SHIRT","174.000","-3%","https://deo.shopeemobile.com/shopee/modules-federation/live/0/shopee__item-card-centralisation/0.1.11/pc/b4d1b8a78b3621dbdf4a.svg","Pilih Lokal","4.8","264 terjual"
"https://shopee.co.id/EIGER-X-MENS-CAMP-EXPLORE-PANTS-i.19260065.20858998041?extraParams=%7B%22display_model_id%22%3A183003365224%2C%22model_selection_logic%22%3A3%7D","https://down-id.img.susercontent.com/file/sg-11134201-22100-vpv9499bfbjve3","https://down-id.img.susercontent.com/file/id-11134258-82250-mkvvn2x0joqodc","EIGER X-MENS CAMP EXPLORE PANTS","494.000","-5%","https://deo.shopeemobile.com/shopee/modules-federation/live/0/shopee__item-card-centralisation/0.1.11/pc/b4d1b8a78b3621dbdf4a.svg","Pilih Lokal","4.9","492 terjual"
"https://shopee.co.id/EIGER-ADVENTURIDE-T-SHIRT-i.19260065.10191517313?extraParams=%7B%22display_model_id%22%3A171429903179%2C%22model_selection_logic%22%3A3%7D","https://down-id.img.susercontent.com/file/id-11134207-822wj-mn3tf9sjcd1cf2","https://down-id.img.susercontent.com/file/id-11134258-82250-mkvvn2x0joqodc","EIGER ADVENTURIDE T-SHIRT","224.000","-2%","https://deo.shopeemobile.com/shopee/modules-federation/live/0/shopee__item-card-centralisation/0.1.11/pc/b4d1b8a78b3621dbdf4a.svg","Pilih Lokal","4.9","678 terjual"
"https://shopee.co.id/EIGER-CUSTOM-MACHINE-S-S-TEES-RD-T-SHIRT-i.19260065.4786031913?extraParams=%7B%22display_model_id%22%3A44904812548%2C%22model_selection_logic%22%3A3%7D","https://down-id.img.susercontent.com/file/id-11134207-822wt-mmgvov9fb1mqba","https://down-id.img.susercontent.com/file/id-11134258-82250-mkvvn2x0joqodc","EIGER CUSTOM MACHINE S/S TEES RD T-SHIRT","204.000","-2%","https://deo.shopeemobile.com/shopee/modules-federation/live/0/shopee__item-card-centralisation/0.1.11/pc/b4d1b8a78b3621dbdf4a.svg","Pilih Lokal","4.9","1RB+ terjual"
"https://shopee.co.id/EIGER-MORTY-SS-T-SHIRT-RX-i.19260065.43017442410?extraParams=%7B%22display_model_id%22%3A261438279014%2C%22model_selection_logic%22%3A3%7D","https://down-id.img.susercontent.com/file/id-11134207-81ztg-me8bw1yzh3pc0e","https://down-id.img.susercontent.com/file/id-11134258-82250-mkvvn2x0joqodc","EIGER MORTY SS T-SHIRT RX","186.200","-22%","https://deo.shopeemobile.com/shopee/modules-federation/live/0/shopee__item-card-centralisation/0.1.11/pc/b4d1b8a78b3621dbdf4a.svg","Pilih Lokal","5.0","238 terjual"
"https://shopee.co.id/EIGER-TURCO-LS-T-SHIRT-i.19260065.41420495936?extraParams=%7B%22display_model_id%22%3A276674252152%2C%22model_selection_logic%22%3A3%7D","https://down-id.img.susercontent.com/file/id-11134207-81ztf-mexpbjpujym968","https://down-id.img.susercontent.com/file/id-11134258-82250-mkvvn2x0joqodc","EIGER TURCO LS T-SHIRT","244.000","-2%","https://deo.shopeemobile.com/shopee/modules-federation/live/0/shopee__item-card-centralisation/0.1.11/pc/b4d1b8a78b3621dbdf4a.svg","Pilih Lokal","4.9","154 terjual"
"https://shopee.co.id/EIGER-K.CARTENZ-PYRAMID-T-SHIRT-i.19260065.4779450337?extraParams=%7B%22display_model_id%22%3A73707827999%2C%22model_selection_logic%22%3A3%7D","https://down-id.img.susercontent.com/file/id-11134207-8224s-mjey15mxzzly6c","https://down-id.img.susercontent.com/file/id-11134258-82250-mkvvn2x0joqodc","EIGER K.CARTENZ PYRAMID T-SHIRT","174.000","-3%","https://deo.shopeemobile.com/shopee/modules-federation/live/0/shopee__item-card-centralisation/0.1.11/pc/b4d1b8a78b3621dbdf4a.svg","Pilih Lokal","4.9","766 terjual"
"https://shopee.co.id/EIGER-YUCATAN-PENINSULA-2.0-POLO-SHIRT-i.19260065.24953058916?extraParams=%7B%22display_model_id%22%3A241216179640%2C%22model_selection_logic%22%3A3%7D","https://down-id.img.susercontent.com/file/id-11134207-7r98t-lp20a4sdcube25","https://down-id.img.susercontent.com/file/id-11134258-82250-mkvvn2x0joqodc","EIGER YUCATAN PENINSULA 2.0 POLO SHIRT","183.300","-32%","https://deo.shopeemobile.com/shopee/modules-federation/live/0/shopee__item-card-centralisation/0.1.11/pc/b4d1b8a78b3621dbdf4a.svg","Pilih Lokal","4.9","530 terjual"
"https://shopee.co.id/EIGER-X-SWANSON-POLOSHIRT-LS-i.19260065.21192410403?extraParams=%7B%22display_model_id%22%3A225570110282%2C%22model_selection_logic%22%3A3%7D","https://down-id.img.susercontent.com/file/id-11134207-7r98o-lkyy82kpvdvcd3","https://down-id.img.susercontent.com/file/id-11134258-82250-mkvvn2x0joqodc","EIGER X- SWANSON POLOSHIRT LS","284.000","-2%","https://deo.shopeemobile.com/shopee/modules-federation/live/0/shopee__item-card-centralisation/0.1.11/pc/b4d1b8a78b3621dbdf4a.svg","Pilih Lokal","4.9","1RB+ terjual"
"https://shopee.co.id/EIGER-GOOSE-1.0-SWEATER-i.19260065.28086991837?extraParams=%7B%22display_model_id%22%3A290196775220%2C%22model_selection_logic%22%3A3%7D","https://down-id.img.susercontent.com/file/id-11134207-7rbk2-maatdwm6jiio2a","https://down-id.img.susercontent.com/file/id-11134258-82250-mkvvn2x0joqodc","EIGER GOOSE 1.0 SWEATER","324.000","-2%","https://deo.shopeemobile.com/shopee/modules-federation/live/0/shopee__item-card-centralisation/0.1.11/pc/b4d1b8a78b3621dbdf4a.svg","Pilih Lokal","4.8","129 terjual"
"https://shopee.co.id/EIGER-RIDGE-REBELS-T-SHIRT-i.19260065.40161589403?extraParams=%7B%22display_model_id%22%3A265973418119%2C%22model_selection_logic%22%3A3%7D","https://down-id.img.susercontent.com/file/id-11134207-7ra0j-md1jt7xxviar94","https://down-id.img.susercontent.com/file/id-11134258-82250-mkvvn2x0joqodc","EIGER RIDGE REBELS T-SHIRT","214.000","-2%","https://deo.shopeemobile.com/shopee/modules-federation/live/0/shopee__item-card-centralisation/0.1.11/pc/b4d1b8a78b3621dbdf4a.svg","Pilih Lokal","4.9","213 terjual"
"https://shopee.co.id/EIGER-EVOLUTE-1.0-SS-F1-SHIRT-i.19260065.24303066431?extraParams=%7B%22display_model_id%22%3A225882956723%2C%22model_selection_logic%22%3A3%7D","https://down-id.img.susercontent.com/file/id-11134207-7r990-lp22ji4um1sx3c","https://down-id.img.susercontent.com/file/id-11134258-82250-mkvvn2x0joqodc","EIGER EVOLUTE 1.0 SS F1 SHIRT","354.240","-4%","https://deo.shopeemobile.com/shopee/modules-federation/live/0/shopee__item-card-centralisation/0.1.11/pc/b4d1b8a78b3621dbdf4a.svg","Pilih Lokal","4.9","554 terjual"
"https://shopee.co.id/EIGER-RIVULET-ROLL-UP-2.0-LONGPANT-i.19260065.41207118896?extraParams=%7B%22display_model_id%22%3A280603873269%2C%22model_selection_logic%22%3A3%7D","https://down-id.img.susercontent.com/file/id-11134207-7ra0q-mbq7i7i6jc7n29","https://down-id.img.susercontent.com/file/id-11134258-82250-mkvvn2x0joqodc","EIGER RIVULET ROLL-UP 2.0 LONGPANT","376.300","-33%","https://deo.shopeemobile.com/shopee/modules-federation/live/0/shopee__item-card-centralisation/0.1.11/pc/b4d1b8a78b3621dbdf4a.svg","Pilih Lokal","4.9","270 terjual"
"https://shopee.co.id/EIGER-LA-STRADA-LS-T-SHIRT-i.19260065.9166783488?extraParams=%7B%22display_model_id%22%3A92752571301%2C%22model_selection_logic%22%3A3%7D","https://down-id.img.susercontent.com/file/e8488c111d94c77ab856f1ade6a4e588","https://down-id.img.susercontent.com/file/id-11134258-82250-mkvvn2x0joqodc","EIGER LA STRADA LS T-SHIRT","224.000","-2%","https://deo.shopeemobile.com/shopee/modules-federation/live/0/shopee__item-card-centralisation/0.1.11/pc/b4d1b8a78b3621dbdf4a.svg","Pilih Lokal","4.9","948 terjual"
"https://shopee.co.id/EIGER-NEBULOUS-T-SHIRT-i.19260065.10204848053?extraParams=%7B%22display_model_id%22%3A82108388790%2C%22model_selection_logic%22%3A3%7D","https://down-id.img.susercontent.com/file/43f6da51d7aa82c7a3f9c1f50dade5cf","https://down-id.img.susercontent.com/file/id-11134258-82250-mkvvn2x0joqodc","EIGER NEBULOUS T-SHIRT","204.000","-2%","https://deo.shopeemobile.com/shopee/modules-federation/live/0/shopee__item-card-centralisation/0.1.11/pc/b4d1b8a78b3621dbdf4a.svg","Pilih Lokal","4.9","2RB+ terjual"
"https://shopee.co.id/EIGER-ARGOUN-1.0-T-SHIRT-SS-i.19260065.44307625445?extraParams=%7B%22display_model_id%22%3A253604318716%2C%22model_selection_logic%22%3A3%7D","https://down-id.img.susercontent.com/file/id-11134207-7ra0n-mbw2koekthjo00","https://down-id.img.susercontent.com/file/id-11134258-82250-mkvvn2x0joqodc","EIGER ARGOUN 1.0 T-SHIRT SS","164.000","-3%","https://deo.shopeemobile.com/shopee/modules-federation/live/0/shopee__item-card-centralisation/0.1.11/pc/b4d1b8a78b3621dbdf4a.svg","Pilih Lokal","4.9","505 terjual"
"https://shopee.co.id/EIGER-RETREP-WINDBREAKER-JACKET-RX-i.19260065.42679814566?extraParams=%7B%22display_model_id%22%3A345740440470%2C%22model_selection_logic%22%3A3%7D","https://down-id.img.susercontent.com/file/id-11134207-822ws-mmra4zvzfda9aa","https://down-id.img.susercontent.com/file/id-11134258-82250-mkvvn2x0joqodc","EIGER RETREP WINDBREAKER JACKET RX","464.000","-12%","https://deo.shopeemobile.com/shopee/modules-federation/live/0/shopee__item-card-centralisation/0.1.11/pc/b4d1b8a78b3621dbdf4a.svg","Pilih Lokal","5.0","76 terjual"
"https://shopee.co.id/EIGER-ANATOMIC-3.0-NC-BOXER-i.19260065.40513934955?extraParams=%7B%22display_model_id%22%3A301151357020%2C%22model_selection_logic%22%3A3%7D","https://down-id.img.susercontent.com/file/id-11134207-7ra0o-mdlpd8a1a6q4c2","https://down-id.img.susercontent.com/file/id-11134258-82250-mkvvn2x0joqodc","EIGER ANATOMIC 3.0 NC BOXER","95.200","-20%","","Pilih Lokal","4.9","453 terjual"
"https://shopee.co.id/EIGER-CASTELLON-SHIRT-2.0-F1-i.19260065.22409673907?extraParams=%7B%22display_model_id%22%3A59210867857%2C%22model_selection_logic%22%3A3%7D","https://down-id.img.susercontent.com/file/id-11134207-7ra0n-mbdknr6vlg1k95","https://down-id.img.susercontent.com/file/id-11134258-82250-mkvvn2x0joqodc","EIGER CASTELLON SHIRT 2.0 F1","434.000","-3%","https://deo.shopeemobile.com/shopee/modules-federation/live/0/shopee__item-card-centralisation/0.1.11/pc/b4d1b8a78b3621dbdf4a.svg","Pilih Lokal","4.9","1RB+ terjual"
"https://shopee.co.id/EIGER-RIHLAH-LS-SHIRT-i.19260065.29525378816?extraParams=%7B%22display_model_id%22%3A195769272080%2C%22model_selection_logic%22%3A3%7D","https://down-id.img.susercontent.com/file/id-11134207-7rasa-m5xmuc81l2xi45","https://down-id.img.susercontent.com/file/id-11134258-82250-mkvvn2x0joqodc","EIGER RIHLAH LS SHIRT","239.300","-31%","https://deo.shopeemobile.com/shopee/modules-federation/live/0/shopee__item-card-centralisation/0.1.11/pc/b4d1b8a78b3621dbdf4a.svg","Pilih Lokal","4.9","217 terjual"
"https://shopee.co.id/EIGER-STRATO-CREWNECK-LS-SWEATER-i.19260065.24380680245?extraParams=%7B%22display_model_id%22%3A69422149253%2C%22model_selection_logic%22%3A3%7D","https://down-id.img.susercontent.com/file/id-11134207-7r992-lvb68wn0a7qn7b","https://down-id.img.susercontent.com/file/id-11134258-82250-mkvvn2x0joqodc","EIGER STRATO CREWNECK LS SWEATER","216.400","-41%","https://deo.shopeemobile.com/shopee/modules-federation/live/0/shopee__item-card-centralisation/0.1.11/pc/b4d1b8a78b3621dbdf4a.svg","Pilih Lokal","5.0","364 terjual"
"https://shopee.co.id/EIGER-X-NATURE-OUTING-T-SHIRT-i.19260065.29136628108?extraParams=%7B%22display_model_id%22%3A300086851930%2C%22model_selection_logic%22%3A3%7D","https://down-id.img.susercontent.com/file/id-11134207-7rbk6-m9tr9m8ts64t40","https://down-id.img.susercontent.com/file/id-11134258-82250-mkvvn2x0joqodc","EIGER X-NATURE OUTING T-SHIRT","214.000","-2%","https://deo.shopeemobile.com/shopee/modules-federation/live/0/shopee__item-card-centralisation/0.1.11/pc/b4d1b8a78b3621dbdf4a.svg","Pilih Lokal","5.0","477 terjual"
"https://shopee.co.id/EIGER-SAMBISA-2.0-T-SHIRT-i.19260065.26029496903?extraParams=%7B%22display_model_id%22%3A242872117987%2C%22model_selection_logic%22%3A3%7D","https://down-id.img.susercontent.com/file/id-11134207-7rbk8-m7a6s4vbs4as05","https://down-id.img.susercontent.com/file/id-11134258-82250-mkvvn2x0joqodc","EIGER SAMBISA 2.0 T-SHIRT","125.300","-30%","","Pilih Lokal","4.9","139 terjual"
"https://shopee.co.id/EIGER-EXPLORE-SS-T-SHIRT-i.19260065.29536632844?extraParams=%7B%22display_model_id%22%3A218520434258%2C%22model_selection_logic%22%3A3%7D","https://down-id.img.susercontent.com/file/id-11134207-7rbk1-m9tp579z6ezicd","https://down-id.img.susercontent.com/file/id-11134258-82250-mkvvn2x0joqodc","EIGER EXPLORE SS T-SHIRT","184.000","-3%","https://deo.shopeemobile.com/shopee/modules-federation/live/0/shopee__item-card-centralisation/0.1.11/pc/b4d1b8a78b3621dbdf4a.svg","Pilih Lokal","4.9","476 terjual"
"https://shopee.co.id/EIGER-CAMP-TRIP-T-SHIRT-i.19260065.29859121668?extraParams=%7B%22display_model_id%22%3A217755303434%2C%22model_selection_logic%22%3A3%7D","https://down-id.img.susercontent.com/file/id-11134207-7r98t-lze8a7mnu7gldd","https://down-id.img.susercontent.com/file/id-11134258-82250-mkvvn2x0joqodc","EIGER CAMP TRIP T-SHIRT","234.000","-2%","https://deo.shopeemobile.com/shopee/modules-federation/live/0/shopee__item-card-centralisation/0.1.11/pc/b4d1b8a78b3621dbdf4a.svg","Pilih Lokal","4.9","390 terjual"
"https://shopee.co.id/EIGER-MENS-VANASEEKER-1.0-SS-SHIRT-i.19260065.20137182027?extraParams=%7B%22display_model_id%22%3A201899915878%2C%22model_selection_logic%22%3A3%7D","https://down-id.img.susercontent.com/file/id-11134207-7ra0g-mdfo2c0i6a0fd5","https://down-id.img.susercontent.com/file/id-11134258-82250-mkvvn2x0joqodc","EIGER MENS VANASEEKER 1.0 SS SHIRT","282.200","-21%","https://deo.shopeemobile.com/shopee/modules-federation/live/0/shopee__item-card-centralisation/0.1.11/pc/b4d1b8a78b3621dbdf4a.svg","Pilih Lokal","4.9","637 terjual"
"https://shopee.co.id/EIGER-KULKA-LS-TEES-i.19260065.24007335530?extraParams=%7B%22display_model_id%22%3A197261105884%2C%22model_selection_logic%22%3A3%7D","https://down-id.img.susercontent.com/file/id-11134207-7r98r-lq9y3oguey4ldd","https://down-id.img.susercontent.com/file/id-11134258-82250-mkvvn2x0joqodc","EIGER KULKA LS TEES","214.000","-2%","https://deo.shopeemobile.com/shopee/modules-federation/live/0/shopee__item-card-centralisation/0.1.11/pc/b4d1b8a78b3621dbdf4a.svg","Pilih Lokal","4.9","1RB+ terjual"
"https://shopee.co.id/EIGER-TROPEEZ-MT-T-SHIRT-i.19260065.10704871220?extraParams=%7B%22display_model_id%22%3A92110294405%2C%22model_selection_logic%22%3A3%7D","https://down-id.img.susercontent.com/file/id-11134207-8224t-mi9oowl6vzltea","https://down-id.img.susercontent.com/file/id-11134258-82250-mkvvn2x0joqodc","EIGER TROPEEZ MT T-SHIRT","254.000","-2%","https://deo.shopeemobile.com/shopee/modules-federation/live/0/shopee__item-card-centralisation/0.1.11/pc/b4d1b8a78b3621dbdf4a.svg","Pilih Lokal","4.9","735 terjual"
"https://shopee.co.id/EIGER-X-BOUSTER-1.0-JACKET-i.19260065.14268864232?extraParams=%7B%22display_model_id%22%3A38568199069%2C%22model_selection_logic%22%3A3%7D","https://down-id.img.susercontent.com/file/61a993e70302cb622f082c8d0e1b8fd1","https://down-id.img.susercontent.com/file/id-11134258-82250-mkvvn2x0joqodc","EIGER X-BOUSTER 1.0 JACKET","524.000","-5%","https://deo.shopeemobile.com/shopee/modules-federation/live/0/shopee__item-card-centralisation/0.1.11/pc/b4d1b8a78b3621dbdf4a.svg","Pilih Lokal","4.9","1RB+ terjual"
"https://shopee.co.id/EIGER-PARABELLUM-SS-POLO-SHIRT-i.19260065.25663682643?extraParams=%7B%22display_model_id%22%3A187511315638%2C%22model_selection_logic%22%3A3%7D","https://down-id.img.susercontent.com/file/id-11134207-7r98x-lrsflv63e5v839","https://down-id.img.susercontent.com/file/id-11134258-82250-mkvvn2x0joqodc","EIGER PARABELLUM SS POLO SHIRT","246.300","-31%","https://deo.shopeemobile.com/shopee/modules-federation/live/0/shopee__item-card-centralisation/0.1.11/pc/b4d1b8a78b3621dbdf4a.svg","Pilih Lokal","4.9","236 terjual"
"https://shopee.co.id/EIGER-ROAD-JOURNEY-T-SHIRT-i.19260065.24335257966?extraParams=%7B%22display_model_id%22%3A223147193687%2C%22model_selection_logic%22%3A3%7D","https://down-id.img.susercontent.com/file/id-11134207-7r98u-lze8a7mnq08db2","https://down-id.img.susercontent.com/file/id-11134258-82250-mkvvn2x0joqodc","EIGER ROAD JOURNEY T-SHIRT","244.000","-2%","https://deo.shopeemobile.com/shopee/modules-federation/live/0/shopee__item-card-centralisation/0.1.11/pc/b4d1b8a78b3621dbdf4a.svg","Pilih Lokal","4.9","434 terjual"
"https://shopee.co.id/EIGER-MIDLAND-VEST-i.19260065.7695641806?extraParams=%7B%22display_model_id%22%3A83742813596%2C%22model_selection_logic%22%3A3%7D","https://down-id.img.susercontent.com/file/c4f173f911787274d695c21a94fdf381","https://down-id.img.susercontent.com/file/id-11134258-82250-mkvvn2x0joqodc","EIGER MIDLAND VEST","242.200","-22%","https://deo.shopeemobile.com/shopee/modules-federation/live/0/shopee__item-card-centralisation/0.1.11/pc/b4d1b8a78b3621dbdf4a.svg","Pilih Lokal","4.9","781 terjual"
"https://shopee.co.id/EIGER-X-KUGA-SS-T-SHIRT-RX-i.19260065.43519381329?extraParams=%7B%22display_model_id%22%3A276587759271%2C%22model_selection_logic%22%3A3%7D","https://down-id.img.susercontent.com/file/id-11134207-81ztp-meqxbwz4obglbe","https://down-id.img.susercontent.com/file/id-11134258-82250-mkvvn2x0joqodc","EIGER X-KUGA SS T-SHIRT RX","154.200","-23%","https://deo.shopeemobile.com/shopee/modules-federation/live/0/shopee__item-card-centralisation/0.1.11/pc/b4d1b8a78b3621dbdf4a.svg","Pilih Lokal","4.9","276 terjual"
"https://shopee.co.id/EIGER-CAMFEST-SS-TEES-2.0-i.19260065.46158412651?extraParams=%7B%22display_model_id%22%3A267515396579%2C%22model_selection_logic%22%3A3%7D","https://down-id.img.susercontent.com/file/id-11134207-822wj-mmsm9gx4l79i4d","https://down-id.img.susercontent.com/file/id-11134258-82250-mkvvn2x0joqodc","EIGER CAMFEST SS TEES 2.0","204.000","-2%","https://deo.shopeemobile.com/shopee/modules-federation/live/0/shopee__item-card-centralisation/0.1.11/pc/b4d1b8a78b3621dbdf4a.svg","Pilih Lokal","5.0","108 terjual"
"https://shopee.co.id/EIGER-PORTER-T-SHIRT-i.19260065.12151020346?extraParams=%7B%22display_model_id%22%3A103917258993%2C%22model_selection_logic%22%3A3%7D","https://down-id.img.susercontent.com/file/id-11134207-8224z-mgzyf4h5wavia1","https://down-id.img.susercontent.com/file/id-11134258-82250-mkvvn2x0joqodc","EIGER PORTER T-SHIRT","214.000","-2%","https://deo.shopeemobile.com/shopee/modules-federation/live/0/shopee__item-card-centralisation/0.1.11/pc/b4d1b8a78b3621dbdf4a.svg","Pilih Lokal","4.9","601 terjual"
"https://shopee.co.id/EIGER-MEN'S-TRIPA-LS-POLO-SHIRT-1.0-i.19260065.52204592495?extraParams=%7B%22display_model_id%22%3A380427377622%2C%22model_selection_logic%22%3A3%7D","https://down-id.img.susercontent.com/file/id-11134207-8224y-mjfaodw0x9tvae","https://down-id.img.susercontent.com/file/id-11134258-82250-mkvvn2x0joqodc","EIGER MEN'S TRIPA LS POLO SHIRT 1.0","364.000","-4%","https://deo.shopeemobile.com/shopee/modules-federation/live/0/shopee__item-card-centralisation/0.1.11/pc/b4d1b8a78b3621dbdf4a.svg","Pilih Lokal","5.0","108 terjual"
"https://shopee.co.id/EIGER-JR-MOORLAND-STRIPE-SS-TEES-i.19260065.25056674905?extraParams=%7B%22display_model_id%22%3A227896862436%2C%22model_selection_logic%22%3A3%7D","https://down-id.img.susercontent.com/file/id-11134207-7ra0i-mbdmae2v194o12","https://down-id.img.susercontent.com/file/id-11134258-82250-mkvvn2x0joqodc","EIGER JR MOORLAND STRIPE SS TEES","119.200","-20%","","Pilih Lokal","4.9","236 terjual"
"https://shopee.co.id/EIGER-X-HALLAWA-POLOSHIRT-SS-i.19260065.17399478291?extraParams=%7B%22display_model_id%22%3A29435983822%2C%22model_selection_logic%22%3A3%7D","https://down-id.img.susercontent.com/file/id-11134207-7r98o-lntfz882u0lleb","https://down-id.img.susercontent.com/file/id-11134258-82250-mkvvn2x0joqodc","EIGER X- HALLAWA POLOSHIRT SS","264.000","-2%","https://deo.shopeemobile.com/shopee/modules-federation/live/0/shopee__item-card-centralisation/0.1.11/pc/b4d1b8a78b3621dbdf4a.svg","Pilih Lokal","4.9","690 terjual"
"https://shopee.co.id/EIGER-TERRA-VENTURE-CONVERTIBLE-PANTS-i.19260065.42158781606?extraParams=%7B%22display_model_id%22%3A186163586151%2C%22model_selection_logic%22%3A3%7D","https://down-id.img.susercontent.com/file/id-11134207-7ra0m-mca2vzkr8uw0c3","https://down-id.img.susercontent.com/file/id-11134258-82250-mkvvn2x0joqodc","EIGER TERRA VENTURE CONVERTIBLE PANTS","484.000","-3%","https://deo.shopeemobile.com/shopee/modules-federation/live/0/shopee__item-card-centralisation/0.1.11/pc/b4d1b8a78b3621dbdf4a.svg","Pilih Lokal","4.9","413 terjual"
"https://shopee.co.id/EIGER-MARAMBA-SHIRT-2.0-i.19260065.9366823203?extraParams=%7B%22display_model_id%22%3A55938439660%2C%22model_selection_logic%22%3A3%7D","https://down-id.img.susercontent.com/file/id-11134207-7r98u-lp0tecom96yibc","https://down-id.img.susercontent.com/file/id-11134258-82250-mkvvn2x0joqodc","EIGER MARAMBA SHIRT 2.0","232.300","-31%","https://deo.shopeemobile.com/shopee/modules-federation/live/0/shopee__item-card-centralisation/0.1.11/pc/b4d1b8a78b3621dbdf4a.svg","Pilih Lokal","4.9","732 terjual"
"https://shopee.co.id/EIGER-ESSENTIAL-LS-SHIRT-RX-i.19260065.43770735507?extraParams=%7B%22display_model_id%22%3A296692978711%2C%22model_selection_logic%22%3A3%7D","https://down-id.img.susercontent.com/file/id-11134207-81ztf-mezialal52bwe0","https://down-id.img.susercontent.com/file/id-11134258-82250-mkvvn2x0joqodc","EIGER ESSENTIAL LS SHIRT RX","444.000","-3%","https://deo.shopeemobile.com/shopee/modules-federation/live/0/shopee__item-card-centralisation/0.1.11/pc/b4d1b8a78b3621dbdf4a.svg","Pilih Lokal","5.0","96 terjual"
"https://shopee.co.id/EIGER-RAWSON-LS-SHIRT-i.19260065.19908054128?extraParams=%7B%22display_model_id%22%3A180458437874%2C%22model_selection_logic%22%3A3%7D","https://down-id.img.susercontent.com/file/c9a8a921c8b278d05a578e270d1ec938","https://down-id.img.susercontent.com/file/id-11134258-82250-mkvvn2x0joqodc","EIGER RAWSON LS SHIRT","274.300","-31%","https://deo.shopeemobile.com/shopee/modules-federation/live/0/shopee__item-card-centralisation/0.1.11/pc/b4d1b8a78b3621dbdf4a.svg","Pilih Lokal","5.0","689 terjual"
"https://shopee.co.id/EIGER-HIMALAYAS-1.0-T-SHIRT-i.19260065.11104899098?extraParams=%7B%22display_model_id%22%3A66391525359%2C%22model_selection_logic%22%3A3%7D","https://down-id.img.susercontent.com/file/9a521d2f284d04e5f61af9fb5c8efdf0","https://down-id.img.susercontent.com/file/id-11134258-82250-mkvvn2x0joqodc","EIGER HIMALAYAS 1.0 T-SHIRT","184.000","-3%","https://deo.shopeemobile.com/shopee/modules-federation/live/0/shopee__item-card-centralisation/0.1.11/pc/b4d1b8a78b3621dbdf4a.svg","Pilih Lokal","4.9","1RB+ terjual"
"https://shopee.co.id/EIGER-HIKELAND-SWEATER-i.19260065.7690773120?extraParams=%7B%22display_model_id%22%3A100479801300%2C%22model_selection_logic%22%3A3%7D","https://down-id.img.susercontent.com/file/id-11134207-7r98r-lz7185y18tfs73","https://down-id.img.susercontent.com/file/id-11134258-82250-mkvvn2x0joqodc","EIGER HIKELAND SWEATER","534.000","-4%","https://deo.shopeemobile.com/shopee/modules-federation/live/0/shopee__item-card-centralisation/0.1.11/pc/b4d1b8a78b3621dbdf4a.svg","Pilih Lokal","4.9","1RB+ terjual"
"https://shopee.co.id/EIGER-X-FELPATCH-HOODIE-2.0-SWEATER-i.19260065.42975161940?extraParams=%7B%22display_model_id%22%3A99898246964%2C%22model_selection_logic%22%3A3%7D","https://down-id.img.susercontent.com/file/id-11134207-82250-mg220g2llsei5e","https://down-id.img.susercontent.com/file/id-11134258-82250-mkvvn2x0joqodc","EIGER X-FELPATCH HOODIE 2.0 SWEATER","464.000","-3%","https://deo.shopeemobile.com/shopee/modules-federation/live/0/shopee__item-card-centralisation/0.1.11/pc/b4d1b8a78b3621dbdf4a.svg","Pilih Lokal","4.9","275 terjual"
"https://shopee.co.id/EIGER-X-TAAFFEITE-T-SHIRT-i.19260065.23563602173?extraParams=%7B%22display_model_id%22%3A245188208469%2C%22model_selection_logic%22%3A3%7D","https://down-id.img.susercontent.com/file/id-11134207-82250-mjnx3rhrxblv7a","https://down-id.img.susercontent.com/file/id-11134258-82250-mkvvn2x0joqodc","EIGER X TAAFFEITE T-SHIRT","174.000","-3%","https://deo.shopeemobile.com/shopee/modules-federation/live/0/shopee__item-card-centralisation/0.1.11/pc/b4d1b8a78b3621dbdf4a.svg","Pilih Lokal","4.9","571 terjual"
"https://shopee.co.id/EIGER-ONE-MAN-RD-T-SHIRT-i.19260065.4190731706?extraParams=%7B%22display_model_id%22%3A55748959631%2C%22model_selection_logic%22%3A3%7D","https://down-id.img.susercontent.com/file/a44ae9fa5d587c9bb3262f8211e53582","https://down-id.img.susercontent.com/file/id-11134258-82250-mkvvn2x0joqodc","EIGER ONE MAN RD T-SHIRT","264.000","-2%","https://deo.shopeemobile.com/shopee/modules-federation/live/0/shopee__item-card-centralisation/0.1.11/pc/b4d1b8a78b3621dbdf4a.svg","Pilih Lokal","4.9","1RB+ terjual"
"https://shopee.co.id/EIGER-ROCKTRAIL-NEU-3.0-SHIRT-LS-i.19260065.16996236789?extraParams=%7B%22display_model_id%22%3A207073530525%2C%22model_selection_logic%22%3A3%7D","https://down-id.img.susercontent.com/file/id-11134207-7rbk0-maxugmbqle44dc","https://down-id.img.susercontent.com/file/id-11134258-82250-mkvvn2x0joqodc","EIGER ROCKTRAIL NEU 3.0 SHIRT LS","316.300","-31%","https://deo.shopeemobile.com/shopee/modules-federation/live/0/shopee__item-card-centralisation/0.1.11/pc/b4d1b8a78b3621dbdf4a.svg","Pilih Lokal","4.9","395 terjual"
"https://shopee.co.id/EIGER-WANDERHAUL-SWEATSHIRT-i.19260065.19653468439?extraParams=%7B%22display_model_id%22%3A155974283319%2C%22model_selection_logic%22%3A3%7D","https://down-id.img.susercontent.com/file/559c73f069c985bb86448d0ef0f0b64c","https://down-id.img.susercontent.com/file/id-11134258-82250-mkvvn2x0joqodc","EIGER WANDERHAUL SWEATSHIRT","414.000","-3%","https://deo.shopeemobile.com/shopee/modules-federation/live/0/shopee__item-card-centralisation/0.1.11/pc/b4d1b8a78b3621dbdf4a.svg","Pilih Lokal","4.8","709 terjual"
"https://shopee.co.id/EIGER-MADISON-LS-SHIRT-i.19260065.22250742430?extraParams=%7B%22display_model_id%22%3A88760427120%2C%22model_selection_logic%22%3A3%7D","https://down-id.img.susercontent.com/file/id-11134207-7qul7-lk7lbhxa6p330d","https://down-id.img.susercontent.com/file/id-11134258-82250-mkvvn2x0joqodc","EIGER MADISON LS SHIRT","302.300","-31%","https://deo.shopeemobile.com/shopee/modules-federation/live/0/shopee__item-card-centralisation/0.1.11/pc/b4d1b8a78b3621dbdf4a.svg","Pilih Lokal","5.0","588 terjual"
"https://shopee.co.id/EIGER-IMOLA-SS-T-SHIRT-i.19260065.43858703614?extraParams=%7B%22display_model_id%22%3A305733046560%2C%22model_selection_logic%22%3A3%7D","https://down-id.img.susercontent.com/file/id-11134207-7ra0i-mc90u80ey1fpf4","https://down-id.img.susercontent.com/file/id-11134258-82250-mkvvn2x0joqodc","EIGER IMOLA SS T-SHIRT","184.000","-3%","https://deo.shopeemobile.com/shopee/modules-federation/live/0/shopee__item-card-centralisation/0.1.11/pc/b4d1b8a78b3621dbdf4a.svg","Pilih Lokal","4.9","419 terjual"
"https://shopee.co.id/EIGER-X-NACHO-LS-POLO-SHIRT-RX-i.19260065.49456097868?extraParams=%7B%22display_model_id%22%3A315554305011%2C%22model_selection_logic%22%3A3%7D","https://down-id.img.susercontent.com/file/id-11134207-82250-mkknfgj9d88z5c","https://down-id.img.susercontent.com/file/id-11134258-82250-mkvvn2x0joqodc","EIGER X-NACHO LS POLO SHIRT RX","250.200","-22%","https://deo.shopeemobile.com/shopee/modules-federation/live/0/shopee__item-card-centralisation/0.1.11/pc/b4d1b8a78b3621dbdf4a.svg","Pilih Lokal","4.8","44 terjual"
"https://shopee.co.id/EIGER-GRAVITY-DEFINERS-T-SHIRT-i.19260065.41357299743?extraParams=%7B%22display_model_id%22%3A270618737616%2C%22model_selection_logic%22%3A3%7D","https://down-id.img.susercontent.com/file/id-11134207-7ra0t-mbrxe8r20oeo46","https://down-id.img.susercontent.com/file/id-11134258-82250-mkvvn2x0joqodc","EIGER GRAVITY DEFINERS T-SHIRT","184.000","-3%","https://deo.shopeemobile.com/shopee/modules-federation/live/0/shopee__item-card-centralisation/0.1.11/pc/b4d1b8a78b3621dbdf4a.svg","Pilih Lokal","4.9","183 terjual"
"https://shopee.co.id/EIGER-PATHFINDER-SHIRT-2.0-i.19260065.9166835200?extraParams=%7B%22display_model_id%22%3A26336748168%2C%22model_selection_logic%22%3A3%7D","https://down-id.img.susercontent.com/file/bc5907ae48b3e13a4a00572cd722c378","https://down-id.img.susercontent.com/file/id-11134258-82250-mkvvn2x0joqodc","EIGER PATHFINDER SHIRT 2.0","494.000","-5%","https://deo.shopeemobile.com/shopee/modules-federation/live/0/shopee__item-card-centralisation/0.1.11/pc/b4d1b8a78b3621dbdf4a.svg","Pilih Lokal","5.0","1RB+ terjual"
"https://shopee.co.id/EIGER-X-BATTLESEEKER-1.0-LS-F1-SHIRT-i.19260065.25553053341?extraParams=%7B%22display_model_id%22%3A255081511971%2C%22model_selection_logic%22%3A3%7D","https://down-id.img.susercontent.com/file/id-11134207-7r98v-lp1xrmextqev64","https://down-id.img.susercontent.com/file/id-11134258-82250-mkvvn2x0joqodc","EIGER X-BATTLESEEKER 1.0 LS F1 SHIRT","454.000","-3%","https://deo.shopeemobile.com/shopee/modules-federation/live/0/shopee__item-card-centralisation/0.1.11/pc/b4d1b8a78b3621dbdf4a.svg","Pilih Lokal","4.9","532 terjual"
"https://shopee.co.id/EIGER-ESSENTIAL-LS-T-SHIRT-RX-i.19260065.42315079773?extraParams=%7B%22display_model_id%22%3A234447011483%2C%22model_selection_logic%22%3A3%7D","https://down-id.img.susercontent.com/file/id-11134207-7ra0s-mdv8dvs018jg51","https://down-id.img.susercontent.com/file/id-11134258-82250-mkvvn2x0joqodc","EIGER ESSENTIAL LS T-SHIRT RX","214.000","-2%","https://deo.shopeemobile.com/shopee/modules-federation/live/0/shopee__item-card-centralisation/0.1.11/pc/b4d1b8a78b3621dbdf4a.svg","Pilih Lokal","4.9","237 terjual"
"https://shopee.co.id/EIGER-X-FILONE-SS-TEES-i.19260065.16945112339?extraParams=%7B%22display_model_id%22%3A161755806712%2C%22model_selection_logic%22%3A3%7D","https://down-id.img.susercontent.com/file/2d21e5bb921699a20fe50e5bc2edc542","https://down-id.img.susercontent.com/file/id-11134258-82250-mkvvn2x0joqodc","EIGER X-FILONE SS TEES","194.000","-3%","https://deo.shopeemobile.com/shopee/modules-federation/live/0/shopee__item-card-centralisation/0.1.11/pc/b4d1b8a78b3621dbdf4a.svg","Pilih Lokal","4.9","1RB+ terjual"
"https://shopee.co.id/EIGER-VERSNELD-RIDING-JACKET-i.19260065.21208064828?extraParams=%7B%22display_model_id%22%3A390425662454%2C%22model_selection_logic%22%3A3%7D","https://down-id.img.susercontent.com/file/id-11134207-8224t-mjey15myb85i12","https://down-id.img.susercontent.com/file/id-11134258-82250-mkvvn2x0joqodc","EIGER VERSNELD RIDING JACKET","674.000","-4%","https://deo.shopeemobile.com/shopee/modules-federation/live/0/shopee__item-card-centralisation/0.1.11/pc/b4d1b8a78b3621dbdf4a.svg","Pilih Lokal","4.9","1RB+ terjual"
"https://shopee.co.id/EIGER-CAMFEST-TEES-LS-i.19260065.25564277313?extraParams=%7B%22display_model_id%22%3A147203916343%2C%22model_selection_logic%22%3A3%7D","https://down-id.img.susercontent.com/file/id-11134207-7r98r-lrxvs2omj70435","https://down-id.img.susercontent.com/file/id-11134258-82250-mkvvn2x0joqodc","EIGER CAMFEST TEES LS","214.000","-2%","https://deo.shopeemobile.com/shopee/modules-federation/live/0/shopee__item-card-centralisation/0.1.11/pc/b4d1b8a78b3621dbdf4a.svg","Pilih Lokal","4.9","547 terjual"
"https://shopee.co.id/EIGER-ACTIVE-T-SHIRT-i.19260065.18270570768?extraParams=%7B%22display_model_id%22%3A49251592598%2C%22model_selection_logic%22%3A3%7D","https://down-id.img.susercontent.com/file/sg-11134201-23010-fi77hfigxxlv8d","https://down-id.img.susercontent.com/file/id-11134258-82250-mkvvn2x0joqodc","EIGER ACTIVE T-SHIRT","194.000","-3%","https://deo.shopeemobile.com/shopee/modules-federation/live/0/shopee__item-card-centralisation/0.1.11/pc/b4d1b8a78b3621dbdf4a.svg","Pilih Lokal","4.8","611 terjual"
"https://shopee.co.id/EIGER-TECHTRAIL-LIGHT-XT-1.0-PANTS-i.19260065.52706159297?extraParams=%7B%22display_model_id%22%3A425560459004%2C%22model_selection_logic%22%3A3%7D","https://down-id.img.susercontent.com/file/id-11134207-8224q-mknp5g4ulipxa7","https://down-id.img.susercontent.com/file/id-11134258-82250-mkvvn2x0joqodc","EIGER TECHTRAIL LIGHT XT 1.0 PANTS","534.000","-4%","https://deo.shopeemobile.com/shopee/modules-federation/live/0/shopee__item-card-centralisation/0.1.11/pc/b4d1b8a78b3621dbdf4a.svg","Pilih Lokal","5.0","79 terjual"
"https://shopee.co.id/EIGER-PEDAUH-SHORTS-CARGO-i.19260065.23047443682?extraParams=%7B%22display_model_id%22%3A296559265837%2C%22model_selection_logic%22%3A3%7D","https://down-id.img.susercontent.com/file/id-11134207-81ztl-meo0lh9naio1bc","https://down-id.img.susercontent.com/file/id-11134258-82250-mkvvn2x0joqodc","EIGER PEDAUH SHORTS CARGO","407.100","-13%","https://deo.shopeemobile.com/shopee/modules-federation/live/0/shopee__item-card-centralisation/0.1.11/pc/b4d1b8a78b3621dbdf4a.svg","Pilih Lokal","4.9","458 terjual"
"https://shopee.co.id/EIGER-RAPID-ROCKERS-SLEEVELESS-T-SHIRT-i.19260065.56454633985?extraParams=%7B%22display_model_id%22%3A307391972645%2C%22model_selection_logic%22%3A3%7D","https://down-id.img.susercontent.com/file/id-11134207-8224o-mjghhchrs9vp60","https://down-id.img.susercontent.com/file/id-11134258-82250-mkvvn2x0joqodc","EIGER RAPID ROCKERS SLEEVELESS T-SHIRT","164.000","-3%","https://deo.shopeemobile.com/shopee/modules-federation/live/0/shopee__item-card-centralisation/0.1.11/pc/b4d1b8a78b3621dbdf4a.svg","Pilih Lokal","4.9","67 terjual"
"https://shopee.co.id/EIGER-VENTURE-TROPICAL-SHIRT-i.19260065.20326489176?extraParams=%7B%22display_model_id%22%3A201374791699%2C%22model_selection_logic%22%3A3%7D","https://down-id.img.susercontent.com/file/674671d4d0811ea8cab43bfa9d2e16b3","https://down-id.img.susercontent.com/file/id-11134258-82250-mkvvn2x0joqodc","EIGER VENTURE TROPICAL SHIRT","267.300","-31%","https://deo.shopeemobile.com/shopee/modules-federation/live/0/shopee__item-card-centralisation/0.1.11/pc/b4d1b8a78b3621dbdf4a.svg","Pilih Lokal","4.9","763 terjual"
"https://shopee.co.id/EIGER-FIGHTING-HELMET-T-SHIRT-i.19260065.25717043502?extraParams=%7B%22display_model_id%22%3A236100365194%2C%22model_selection_logic%22%3A3%7D","https://down-id.img.susercontent.com/file/id-11134207-7r98x-lsjebh05ny1z71","https://down-id.img.susercontent.com/file/id-11134258-82250-mkvvn2x0joqodc","EIGER FIGHTING HELMET T-SHIRT","194.000","-3%","https://deo.shopeemobile.com/shopee/modules-federation/live/0/shopee__item-card-centralisation/0.1.11/pc/b4d1b8a78b3621dbdf4a.svg","Pilih Lokal","4.9","785 terjual"
"https://shopee.co.id/EIGER-BAKU-SS-T-SHIRT-i.19260065.42662817497?extraParams=%7B%22display_model_id%22%3A109543233331%2C%22model_selection_logic%22%3A3%7D","https://down-id.img.susercontent.com/file/id-11134207-7ra0u-mdeid3elpvsf3d","https://down-id.img.susercontent.com/file/id-11134258-82250-mkvvn2x0joqodc","EIGER BAKU SS T-SHIRT","174.000","-3%","https://deo.shopeemobile.com/shopee/modules-federation/live/0/shopee__item-card-centralisation/0.1.11/pc/b4d1b8a78b3621dbdf4a.svg","Pilih Lokal","4.9","146 terjual"
"https://shopee.co.id/EIGER-HAZALA-POLO-SHIRT-i.19260065.23632568521?extraParams=%7B%22display_model_id%22%3A98652970983%2C%22model_selection_logic%22%3A3%7D","https://down-id.img.susercontent.com/file/id-11134201-7quky-leqlratomf7gf8","https://down-id.img.susercontent.com/file/id-11134258-82250-mkvvn2x0joqodc","EIGER HAZALA POLO SHIRT","264.000","-2%","https://deo.shopeemobile.com/shopee/modules-federation/live/0/shopee__item-card-centralisation/0.1.11/pc/b4d1b8a78b3621dbdf4a.svg","Pilih Lokal","4.9","2RB+ terjual"
"https://shopee.co.id/EIGER-LEGERITY-POLO-SHIRT-i.19260065.17136984835?extraParams=%7B%22display_model_id%22%3A124974499741%2C%22model_selection_logic%22%3A3%7D","https://down-id.img.susercontent.com/file/fb50d204f922f51297a5ad6053952aad","https://down-id.img.susercontent.com/file/id-11134258-82250-mkvvn2x0joqodc","EIGER LEGERITY POLO SHIRT","234.000","-2%","https://deo.shopeemobile.com/shopee/modules-federation/live/0/shopee__item-card-centralisation/0.1.11/pc/b4d1b8a78b3621dbdf4a.svg","Pilih Lokal","4.9","1RB+ terjual"
"https://shopee.co.id/EIGER-DESERT-LINE-FLANNEL-SHIRT-LS-i.19260065.24442589205?extraParams=%7B%22display_model_id%22%3A69882154612%2C%22model_selection_logic%22%3A3%7D","https://down-id.img.susercontent.com/file/id-11134207-7rbke-m7a6s4vbe2mcfc","https://down-id.img.susercontent.com/file/id-11134258-82250-mkvvn2x0joqodc","EIGER DESERT LINE FLANNEL SHIRT LS","302.300","-31%","https://deo.shopeemobile.com/shopee/modules-federation/live/0/shopee__item-card-centralisation/0.1.11/pc/b4d1b8a78b3621dbdf4a.svg","Pilih Lokal","4.9","78 terjual"
"https://shopee.co.id/EIGER-X-TORLA-1.0-CARGO-LONG-PANTS-i.19260065.47856052748?extraParams=%7B%22display_model_id%22%3A355549683380%2C%22model_selection_logic%22%3A3%7D","https://down-id.img.susercontent.com/file/id-11134207-82251-mkj8nybowa9zee","https://down-id.img.susercontent.com/file/id-11134258-82250-mkvvn2x0joqodc","EIGER X-TORLA 1.0 CARGO LONG PANTS","368.200","-23%","https://deo.shopeemobile.com/shopee/modules-federation/live/0/shopee__item-card-centralisation/0.1.11/pc/b4d1b8a78b3621dbdf4a.svg","Pilih Lokal","5.0","51 terjual"
"https://shopee.co.id/EIGER-ALPHA-DX-JACKET-i.19260065.29621064338?extraParams=%7B%22display_model_id%22%3A237169123449%2C%22model_selection_logic%22%3A3%7D","https://down-id.img.susercontent.com/file/id-11134207-7rash-m3ybbvj5tjs700","https://down-id.img.susercontent.com/file/id-11134258-82250-mkvvn2x0joqodc","EIGER ALPHA DX JACKET","460.300","-32%","https://deo.shopeemobile.com/shopee/modules-federation/live/0/shopee__item-card-centralisation/0.1.11/pc/b4d1b8a78b3621dbdf4a.svg","Pilih Lokal","4.9","271 terjual"
"https://shopee.co.id/EIGER-CROSSTOWN-JACKET-i.19260065.57400801738?extraParams=%7B%22display_model_id%22%3A430072028040%2C%22model_selection_logic%22%3A3%7D","https://down-id.img.susercontent.com/file/id-11134207-8224p-mgnije8hdgy293","https://down-id.img.susercontent.com/file/id-11134258-82250-mkvvn2x0joqodc","EIGER CROSSTOWN JACKET","524.000","-5%","https://deo.shopeemobile.com/shopee/modules-federation/live/0/shopee__item-card-centralisation/0.1.11/pc/b4d1b8a78b3621dbdf4a.svg","Pilih Lokal","4.9","238 terjual"
"https://shopee.co.id/EIGER-X-DIAMANTE-T-SHIRT-i.19260065.11621099996?extraParams=%7B%22display_model_id%22%3A93734182500%2C%22model_selection_logic%22%3A3%7D","https://down-id.img.susercontent.com/file/id-11134207-8224s-mkdh1rtnfitg10","https://down-id.img.susercontent.com/file/id-11134258-82250-mkvvn2x0joqodc","EIGER X-DIAMANTE T-SHIRT","224.000","-2%","https://deo.shopeemobile.com/shopee/modules-federation/live/0/shopee__item-card-centralisation/0.1.11/pc/b4d1b8a78b3621dbdf4a.svg","Pilih Lokal","4.9","1RB+ terjual"
"https://shopee.co.id/EIGER-AZONIC-LIGHT-PANTS-1.0-i.19260065.17136193358?extraParams=%7B%22display_model_id%22%3A124958636219%2C%22model_selection_logic%22%3A3%7D","https://down-id.img.susercontent.com/file/6e436bbdf0b481699d6c114326dea31d","https://down-id.img.susercontent.com/file/id-11134258-82250-mkvvn2x0joqodc","EIGER AZONIC LIGHT PANTS 1.0","295.300","-31%","https://deo.shopeemobile.com/shopee/modules-federation/live/0/shopee__item-card-centralisation/0.1.11/pc/b4d1b8a78b3621dbdf4a.svg","Pilih Lokal","4.9","317 terjual"
"https://shopee.co.id/EIGER-WOMEN-SERENE-VEST-1.0-i.19260065.57407996429?extraParams=%7B%22display_model_id%22%3A325710400092%2C%22model_selection_logic%22%3A3%7D","https://down-id.img.susercontent.com/file/id-11134207-822wq-mmh6k2nde1hr18","https://down-id.img.susercontent.com/file/id-11134258-82250-mkvvn2x0joqodc","EIGER WOMEN SERENE VEST 1.0","326.549","-6%","https://deo.shopeemobile.com/shopee/modules-federation/live/0/shopee__item-card-centralisation/0.1.11/pc/b4d1b8a78b3621dbdf4a.svg","Pilih Lokal","5.0","43 terjual"
"https://shopee.co.id/EIGER-ARGOUN-1.0-T-SHIRT-LS-i.19260065.40573483320?extraParams=%7B%22display_model_id%22%3A266909411143%2C%22model_selection_logic%22%3A3%7D","https://down-id.img.susercontent.com/file/id-11134207-81zte-mfnmew6ipssp7e","https://down-id.img.susercontent.com/file/id-11134258-82250-mkvvn2x0joqodc","EIGER ARGOUN 1.0 T-SHIRT LS","224.000","-2%","https://deo.shopeemobile.com/shopee/modules-federation/live/0/shopee__item-card-centralisation/0.1.11/pc/b4d1b8a78b3621dbdf4a.svg","Pilih Lokal","4.9","194 terjual"
"https://shopee.co.id/EIGER-X-CANYON-SWEATER-i.19260065.10367746239?extraParams=%7B%22display_model_id%22%3A121942401606%2C%22model_selection_logic%22%3A3%7D","https://down-id.img.susercontent.com/file/id-11134207-7ras8-m2lu8u1iqxtw45","https://down-id.img.susercontent.com/file/id-11134258-82250-mkvvn2x0joqodc","EIGER X-CANYON SWEATER","264.100","-12%","https://deo.shopeemobile.com/shopee/modules-federation/live/0/shopee__item-card-centralisation/0.1.11/pc/b4d1b8a78b3621dbdf4a.svg","Pilih Lokal","4.9","1RB+ terjual"
"https://shopee.co.id/EIGER-X-COPPER-DENIM-PANTS-i.19260065.18885455282?extraParams=%7B%22display_model_id%22%3A214664733258%2C%22model_selection_logic%22%3A3%7D","https://down-id.img.susercontent.com/file/id-11134207-7r98z-ln2crdwz2plz45","https://down-id.img.susercontent.com/file/id-11134258-82250-mkvvn2x0joqodc","EIGER X-COPPER DENIM PANTS","294.400","-41%","https://deo.shopeemobile.com/shopee/modules-federation/live/0/shopee__item-card-centralisation/0.1.11/pc/b4d1b8a78b3621dbdf4a.svg","Pilih Lokal","4.9","255 terjual"
"https://shopee.co.id/EIGER-LEZERNO-POLO-SS-i.19260065.25819173697?extraParams=%7B%22display_model_id%22%3A245486365981%2C%22model_selection_logic%22%3A3%7D","https://down-id.img.susercontent.com/file/id-11134207-7r98x-lsw2o4c9hfpp6c","https://down-id.img.susercontent.com/file/id-11134258-82250-mkvvn2x0joqodc","EIGER LEZERNO POLO SS","334.000","-1%","https://deo.shopeemobile.com/shopee/modules-federation/live/0/shopee__item-card-centralisation/0.1.11/pc/b4d1b8a78b3621dbdf4a.svg","Pilih Lokal","4.9","270 terjual"
"https://shopee.co.id/EIGER-ACT-AIRY-LIGHT-SIGNATURE-MEN'S-TANK-TOP-i.19260065.47908315229?extraParams=%7B%22display_model_id%22%3A262510176785%2C%22model_selection_logic%22%3A3%7D","https://down-id.img.susercontent.com/file/id-11134207-822wt-mnxxty8iwk5ife","https://down-id.img.susercontent.com/file/id-11134258-82250-mkvvn2x0joqodc","EIGER ACT AIRY LIGHT SIGNATURE MEN'S TANK TOP","294.000","-2%","https://deo.shopeemobile.com/shopee/modules-federation/live/0/shopee__item-card-centralisation/0.1.11/pc/b4d1b8a78b3621dbdf4a.svg","Pilih Lokal","4.8","9 terjual"
"https://shopee.co.id/EIGER-MEN'S-TRIPA-SS-POLO-SHIRT-1.0-i.19260065.40028499405?extraParams=%7B%22display_model_id%22%3A445508570093%2C%22model_selection_logic%22%3A3%7D","https://down-id.img.susercontent.com/file/id-11134207-8224t-mk3krd6vxukleb","https://down-id.img.susercontent.com/file/id-11134258-82250-mkvvn2x0joqodc","EIGER MEN'S TRIPA SS POLO SHIRT 1.0","344.640","-4%","https://deo.shopeemobile.com/shopee/modules-federation/live/0/shopee__item-card-centralisation/0.1.11/pc/b4d1b8a78b3621dbdf4a.svg","Pilih Lokal","5.0","10 terjual"
"https://shopee.co.id/EIGER-DAYTOUR-SS-JERSEY-i.19260065.43969180546?extraParams=%7B%22display_model_id%22%3A169064850524%2C%22model_selection_logic%22%3A3%7D","https://down-id.img.susercontent.com/file/id-11134207-81ztc-mepe9utpoooz41","https://down-id.img.susercontent.com/file/id-11134258-82250-mkvvn2x0joqodc","EIGER DAYTOUR SS JERSEY","344.000","-1%","https://deo.shopeemobile.com/shopee/modules-federation/live/0/shopee__item-card-centralisation/0.1.11/pc/b4d1b8a78b3621dbdf4a.svg","Pilih Lokal","4.8","89 terjual"
"https://shopee.co.id/EIGER-X-TAC-RAPID-NEO-SS-SHIRT-i.19260065.46005813867?extraParams=%7B%22display_model_id%22%3A320524719962%2C%22model_selection_logic%22%3A3%7D","https://down-id.img.susercontent.com/file/id-11134207-8224y-mkam672bqjgo81","https://down-id.img.susercontent.com/file/id-11134258-82250-mkvvn2x0joqodc","EIGER X TAC RAPID NEO SS SHIRT","464.000","-3%","https://deo.shopeemobile.com/shopee/modules-federation/live/0/shopee__item-card-centralisation/0.1.11/pc/b4d1b8a78b3621dbdf4a.svg","Pilih Lokal","5.0","60 terjual"
"https://shopee.co.id/EIGER-CROSSTOWN-T-SHIRT-i.19260065.26433813990?extraParams=%7B%22display_model_id%22%3A109473525876%2C%22model_selection_logic%22%3A3%7D","https://down-id.img.susercontent.com/file/id-11134207-7rbk4-m8ol6qd8c0stff","https://down-id.img.susercontent.com/file/id-11134258-82250-mkvvn2x0joqodc","EIGER CROSSTOWN T-SHIRT","214.000","-2%","https://deo.shopeemobile.com/shopee/modules-federation/live/0/shopee__item-card-centralisation/0.1.11/pc/b4d1b8a78b3621dbdf4a.svg","Pilih Lokal","4.9","205 terjual"
"https://shopee.co.id/EIGER-ALABAMA-SS-SHIRT-1.0-i.19260065.26471220275?extraParams=%7B%22display_model_id%22%3A223611018138%2C%22model_selection_logic%22%3A3%7D","https://down-id.img.susercontent.com/file/id-11134207-7rasi-m3zuwx21l5rsc2","https://down-id.img.susercontent.com/file/id-11134258-82250-mkvvn2x0joqodc","EIGER ALABAMA SS SHIRT 1.0","264.100","-12%","https://deo.shopeemobile.com/shopee/modules-federation/live/0/shopee__item-card-centralisation/0.1.11/pc/b4d1b8a78b3621dbdf4a.svg","Pilih Lokal","4.9","113 terjual"
"https://shopee.co.id/EIGER-REACTION-T-SHIRT-i.19260065.9812607374?extraParams=%7B%22display_model_id%22%3A53622040836%2C%22model_selection_logic%22%3A3%7D","https://down-id.img.susercontent.com/file/b8ce3733206abd4ee21865893cdd69d0","https://down-id.img.susercontent.com/file/id-11134258-82250-mkvvn2x0joqodc","EIGER REACTION T-SHIRT","154.000","-3%","https://deo.shopeemobile.com/shopee/modules-federation/live/0/shopee__item-card-centralisation/0.1.11/pc/b4d1b8a78b3621dbdf4a.svg","Pilih Lokal","4.9","1RB+ terjual"
"https://shopee.co.id/EIGER-CLOVER-LS-T-SHIRT-i.19260065.41712792035?extraParams=%7B%22display_model_id%22%3A271072163434%2C%22model_selection_logic%22%3A3%7D","https://down-id.img.susercontent.com/file/id-11134207-7ra0g-mdebxlqj88txea","https://down-id.img.susercontent.com/file/id-11134258-82250-mkvvn2x0joqodc","EIGER CLOVER LS T-SHIRT","204.000","-2%","https://deo.shopeemobile.com/shopee/modules-federation/live/0/shopee__item-card-centralisation/0.1.11/pc/b4d1b8a78b3621dbdf4a.svg","Pilih Lokal","4.9","839 terjual"
"https://shopee.co.id/EIGER-PRAVIDE-LS-TEES-i.19260065.17300206500?extraParams=%7B%22display_model_id%22%3A135063022586%2C%22model_selection_logic%22%3A3%7D","https://down-id.img.susercontent.com/file/ea407a18e099c0954f05bcfb492d1a99","https://down-id.img.susercontent.com/file/id-11134258-82250-mkvvn2x0joqodc","EIGER PRAVIDE LS TEES","224.000","-2%","https://deo.shopeemobile.com/shopee/modules-federation/live/0/shopee__item-card-centralisation/0.1.11/pc/b4d1b8a78b3621dbdf4a.svg","Pilih Lokal","4.9","683 terjual"
"https://shopee.co.id/EIGER-X-LOKKEN-LS-SHIRT-i.19260065.41008789771?extraParams=%7B%22display_model_id%22%3A186163719864%2C%22model_selection_logic%22%3A3%7D","https://down-id.img.susercontent.com/file/id-11134207-7ra0h-mca5nrksv5gge5","https://down-id.img.susercontent.com/file/id-11134258-82250-mkvvn2x0joqodc","EIGER X-LOKKEN LS SHIRT","288.300","-31%","https://deo.shopeemobile.com/shopee/modules-federation/live/0/shopee__item-card-centralisation/0.1.11/pc/b4d1b8a78b3621dbdf4a.svg","Pilih Lokal","4.9","79 terjual"
"https://shopee.co.id/EIGER-ALLENATORE-1.0-POLO-SHIRT-i.19260065.11886657431?extraParams=%7B%22display_model_id%22%3A170007284679%2C%22model_selection_logic%22%3A3%7D","https://down-id.img.susercontent.com/file/9d29d2008f5895091e46c8b72352dd2f","https://down-id.img.susercontent.com/file/id-11134258-82250-mkvvn2x0joqodc","EIGER ALLENATORE 1.0 POLO SHIRT","284.000","-2%","https://deo.shopeemobile.com/shopee/modules-federation/live/0/shopee__item-card-centralisation/0.1.11/pc/b4d1b8a78b3621dbdf4a.svg","Pilih Lokal","4.9","916 terjual"
"https://shopee.co.id/EIGER-X-PLAIN-T-SHIRT-i.19260065.9115802579?extraParams=%7B%22display_model_id%22%3A63712498616%2C%22model_selection_logic%22%3A3%7D","https://down-id.img.susercontent.com/file/id-11134207-822wg-mmb8j2ue4cugae","https://down-id.img.susercontent.com/file/id-11134258-82250-mkvvn2x0joqodc","EIGER X PLAIN T-SHIRT","224.000","-2%","https://deo.shopeemobile.com/shopee/modules-federation/live/0/shopee__item-card-centralisation/0.1.11/pc/b4d1b8a78b3621dbdf4a.svg","Pilih Lokal","4.8","1RB+ terjual"
"https://shopee.co.id/EIGER-COASTICO-SLEEVELESS-TEE-i.19260065.29916809377?extraParams=%7B%22display_model_id%22%3A236989339273%2C%22model_selection_logic%22%3A3%7D","https://down-id.img.susercontent.com/file/id-11134207-7rasg-m2aiyoxana8a2f","https://down-id.img.susercontent.com/file/id-11134258-82250-mkvvn2x0joqodc","EIGER COASTICO SLEEVELESS TEE","194.000","-3%","https://deo.shopeemobile.com/shopee/modules-federation/live/0/shopee__item-card-centralisation/0.1.11/pc/b4d1b8a78b3621dbdf4a.svg","Pilih Lokal","4.9","44 terjual"
"https://shopee.co.id/EIGER-ROCK-FACE-RANGER-SWEATER-i.19260065.49554963429?extraParams=%7B%22display_model_id%22%3A282347776137%2C%22model_selection_logic%22%3A3%7D","https://down-id.img.susercontent.com/file/id-11134207-8224t-mjp9bmefer5t1b","https://down-id.img.susercontent.com/file/id-11134258-82250-mkvvn2x0joqodc","EIGER ROCK FACE RANGER SWEATER","424.000","-3%","https://deo.shopeemobile.com/shopee/modules-federation/live/0/shopee__item-card-centralisation/0.1.11/pc/b4d1b8a78b3621dbdf4a.svg","Pilih Lokal","4.9","77 terjual"
"https://shopee.co.id/EIGER-MISSION-SS-SHIRT-i.19260065.15709323038?extraParams=%7B%22display_model_id%22%3A132648105682%2C%22model_selection_logic%22%3A3%7D","https://down-id.img.susercontent.com/file/4ad9b9bb3a5bb83d352afcf9227f247c","https://down-id.img.susercontent.com/file/id-11134258-82250-mkvvn2x0joqodc","EIGER MISSION SS SHIRT","290.200","-21%","https://deo.shopeemobile.com/shopee/modules-federation/live/0/shopee__item-card-centralisation/0.1.11/pc/b4d1b8a78b3621dbdf4a.svg","Pilih Lokal","4.9","204 terjual"
"https://shopee.co.id/EIGER-GOTLANDER-2IN1-MULTI-JACKET-i.19260065.17435656427?extraParams=%7B%22display_model_id%22%3A325298652860%2C%22model_selection_logic%22%3A3%7D","https://down-id.img.susercontent.com/file/id-11134207-8224o-mi9prex1296w72","https://down-id.img.susercontent.com/file/id-11134258-82250-mkvvn2x0joqodc","EIGER GOTLANDER 2IN1 MULTI JACKET","1.024.000","-7%","https://deo.shopeemobile.com/shopee/modules-federation/live/0/shopee__item-card-centralisation/0.1.11/pc/b4d1b8a78b3621dbdf4a.svg","Pilih Lokal","4.9","2RB+ terjual"
"https://shopee.co.id/EIGER-X-PAGSUSI-TEES-i.19260065.18209103582?extraParams=%7B%22display_model_id%22%3A282417931585%2C%22model_selection_logic%22%3A3%7D","https://down-id.img.susercontent.com/file/id-11134207-82252-ml4d2hfz2juv05","https://down-id.img.susercontent.com/file/id-11134258-82250-mkvvn2x0joqodc","EIGER X-PAGSUSI TEES","204.000","-2%","https://deo.shopeemobile.com/shopee/modules-federation/live/0/shopee__item-card-centralisation/0.1.11/pc/b4d1b8a78b3621dbdf4a.svg","Pilih Lokal","4.9","1RB+ terjual"
"https://shopee.co.id/EIGER-ATACAMA-SS-ACTIVE-TEES-i.19260065.22983759236?extraParams=%7B%22display_model_id%22%3A98805252752%2C%22model_selection_logic%22%3A3%7D","https://down-id.img.susercontent.com/file/id-11134207-7r992-lmzxa4sowmtr84","https://down-id.img.susercontent.com/file/id-11134258-82250-mkvvn2x0joqodc","EIGER ATACAMA SS ACTIVE TEES","210.200","-22%","https://deo.shopeemobile.com/shopee/modules-federation/live/0/shopee__item-card-centralisation/0.1.11/pc/b4d1b8a78b3621dbdf4a.svg","Pilih Lokal","4.9","490 terjual"
"https://shopee.co.id/EIGER-FLOBAMORA-EXP-SS-SHIRT-i.19260065.28460446168?extraParams=%7B%22display_model_id%22%3A207786728393%2C%22model_selection_logic%22%3A3%7D","https://down-id.img.susercontent.com/file/id-11134207-7r98x-lzufx8r6h3wo94","https://down-id.img.susercontent.com/file/id-11134258-82250-mkvvn2x0joqodc","EIGER FLOBAMORA EXP SS SHIRT","242.200","-22%","https://deo.shopeemobile.com/shopee/modules-federation/live/0/shopee__item-card-centralisation/0.1.11/pc/b4d1b8a78b3621dbdf4a.svg","Pilih Lokal","4.9","239 terjual"
"https://shopee.co.id/EIGER-BENTAYAN-FLANNEL-SHIRT-i.19260065.24869723061?extraParams=%7B%22display_model_id%22%3A240503054820%2C%22model_selection_logic%22%3A3%7D","https://down-id.img.susercontent.com/file/id-11134207-7r98u-lt1tuf1zyzy122","https://down-id.img.susercontent.com/file/id-11134258-82250-mkvvn2x0joqodc","EIGER BENTAYAN FLANNEL SHIRT","302.300","-31%","https://deo.shopeemobile.com/shopee/modules-federation/live/0/shopee__item-card-centralisation/0.1.11/pc/b4d1b8a78b3621dbdf4a.svg","Pilih Lokal","4.9","608 terjual"
"https://shopee.co.id/EIGER-SPARK-2.0-JACKET-i.19260065.41927938871?extraParams=%7B%22display_model_id%22%3A282326926316%2C%22model_selection_logic%22%3A3%7D","https://down-id.img.susercontent.com/file/id-11134207-82250-mjdtknl5b8cj0d","https://down-id.img.susercontent.com/file/id-11134258-82250-mkvvn2x0joqodc","EIGER SPARK 2.0 JACKET","484.000","-3%","https://deo.shopeemobile.com/shopee/modules-federation/live/0/shopee__item-card-centralisation/0.1.11/pc/b4d1b8a78b3621dbdf4a.svg","Pilih Lokal","4.9","119 terjual"
"https://shopee.co.id/EIGER-SAFAR-TEES-i.19260065.24664254115?extraParams=%7B%22display_model_id%22%3A214921876291%2C%22model_selection_logic%22%3A3%7D","https://down-id.img.susercontent.com/file/id-11134207-7r98s-lrxvs2ocntkped","https://down-id.img.susercontent.com/file/id-11134258-82250-mkvvn2x0joqodc","EIGER SAFAR TEES","204.000","-2%","https://deo.shopeemobile.com/shopee/modules-federation/live/0/shopee__item-card-centralisation/0.1.11/pc/b4d1b8a78b3621dbdf4a.svg","Pilih Lokal","4.9","152 terjual"
"https://shopee.co.id/EIGER-BARRINGTON-POLO-i.19260065.48356136035?extraParams=%7B%22display_model_id%22%3A259166853780%2C%22model_selection_logic%22%3A3%7D","https://down-id.img.susercontent.com/file/id-11134207-8224p-mkm458pd8idc4c","https://down-id.img.susercontent.com/file/id-11134258-82250-mkvvn2x0joqodc","EIGER BARRINGTON POLO","274.000","-2%","https://deo.shopeemobile.com/shopee/modules-federation/live/0/shopee__item-card-centralisation/0.1.11/pc/b4d1b8a78b3621dbdf4a.svg","Pilih Lokal","4.9","124 terjual"
"https://shopee.co.id/EIGER-MENS-VANASEEKER-2.0-LS-SHIRT-i.19260065.17882912269?extraParams=%7B%22display_model_id%22%3A211899753591%2C%22model_selection_logic%22%3A3%7D","https://down-id.img.susercontent.com/file/id-11134207-7ra0s-mdfo2c08carw12","https://down-id.img.susercontent.com/file/id-11134258-82250-mkvvn2x0joqodc","EIGER MENS VANASEEKER 2.0 LS SHIRT","374.000","-4%","https://deo.shopeemobile.com/shopee/modules-federation/live/0/shopee__item-card-centralisation/0.1.11/pc/b4d1b8a78b3621dbdf4a.svg","Pilih Lokal","4.9","697 terjual"
"https://shopee.co.id/EIGER-ACT-AIRY-LIGHT-SIGNATURE-MEN'S-SS-T-SHIRT-i.19260065.56558273313?extraParams=%7B%22display_model_id%22%3A287509338325%2C%22model_selection_logic%22%3A3%7D","https://down-id.img.susercontent.com/file/id-11134207-822wn-mnxx970da0w100","https://down-id.img.susercontent.com/file/id-11134258-82250-mkvvn2x0joqodc","EIGER ACT AIRY LIGHT SIGNATURE MEN'S SS T-SHIRT","324.000","-2%","https://deo.shopeemobile.com/shopee/modules-federation/live/0/shopee__item-card-centralisation/0.1.11/pc/b4d1b8a78b3621dbdf4a.svg","Pilih Lokal","5.0","5 terjual"
"https://shopee.co.id/EIGER-ACT-AIRYLIGHT-MEN-T-SHIRT-i.19260065.42500948599?extraParams=%7B%22display_model_id%22%3A224237861807%2C%22model_selection_logic%22%3A3%7D","https://down-id.img.susercontent.com/file/id-11134207-7rbk9-m9yahkmgps1c7d","https://down-id.img.susercontent.com/file/id-11134258-82250-mkvvn2x0joqodc","EIGER ACT AIRYLIGHT MEN T-SHIRT","294.000","-2%","https://deo.shopeemobile.com/shopee/modules-federation/live/0/shopee__item-card-centralisation/0.1.11/pc/b4d1b8a78b3621dbdf4a.svg","Pilih Lokal","4.9","63 terjual"
"https://shopee.co.id/EIGER-INLANDER-BALD-JACKET-i.19260065.10355868712?extraParams=%7B%22display_model_id%22%3A120994080731%2C%22model_selection_logic%22%3A3%7D","https://down-id.img.susercontent.com/file/591fb8d05d92fb4b3f27f3620a87d5c2","https://down-id.img.susercontent.com/file/id-11134258-82250-mkvvn2x0joqodc","EIGER INLANDER BALD JACKET","534.000","-4%","https://deo.shopeemobile.com/shopee/modules-federation/live/0/shopee__item-card-centralisation/0.1.11/pc/b4d1b8a78b3621dbdf4a.svg","Pilih Lokal","4.9","1RB+ terjual"
"https://shopee.co.id/EIGER-WOMEN-PIER-SS-TSHIRT-i.19260065.28590499348?extraParams=%7B%22display_model_id%22%3A196226859430%2C%22model_selection_logic%22%3A3%7D","https://down-id.img.susercontent.com/file/id-11134207-81zth-mdwnphkul4hvc5","https://down-id.img.susercontent.com/file/id-11134258-82250-mkvvn2x0joqodc","EIGER WOMEN PIER SS TSHIRT","118.300","-30%","","Pilih Lokal","4.9","18 terjual"
"https://shopee.co.id/EIGER-WS-FUDDLE-SWEATER-i.19260065.21992281445?extraParams=%7B%22display_model_id%22%3A204531499200%2C%22model_selection_logic%22%3A3%7D","https://down-id.img.susercontent.com/file/id-11134207-7r98o-lkt9xhmfihrm4e","https://down-id.img.susercontent.com/file/id-11134258-82250-mkvvn2x0joqodc","EIGER WS FUDDLE SWEATER","144.400","-50%","","Pilih Lokal","4.9","193 terjual"
"https://shopee.co.id/EIGER-X-CORDOBA-JACKET-i.19260065.8715797357?extraParams=%7B%22display_model_id%22%3A53712460601%2C%22model_selection_logic%22%3A3%7D","https://down-id.img.susercontent.com/file/id-11134207-7rbk0-maw886xa5w9eb8","https://down-id.img.susercontent.com/file/id-11134258-82250-mkvvn2x0joqodc","EIGER X-CORDOBA JACKET","574.000","-4%","https://deo.shopeemobile.com/shopee/modules-federation/live/0/shopee__item-card-centralisation/0.1.11/pc/b4d1b8a78b3621dbdf4a.svg","Pilih Lokal","4.9","735 terjual"
"https://shopee.co.id/EIGER-OBSIDIAN-MULTIPOCKET-LS-SHIRT-i.19260065.53155005529?extraParams=%7B%22display_model_id%22%3A420461330363%2C%22model_selection_logic%22%3A3%7D","https://down-id.img.susercontent.com/file/id-11134207-8224s-mjqpd8lstszl74","https://down-id.img.susercontent.com/file/id-11134258-82250-mkvvn2x0joqodc","EIGER OBSIDIAN MULTIPOCKET LS SHIRT","444.000","-3%","https://deo.shopeemobile.com/shopee/modules-federation/live/0/shopee__item-card-centralisation/0.1.11/pc/b4d1b8a78b3621dbdf4a.svg","Pilih Lokal","4.9","63 terjual"
"https://shopee.co.id/EIGER-X-SPEEDING-STREET-VEST-i.19260065.3030453631?extraParams=%7B%22display_model_id%22%3A34706892512%2C%22model_selection_logic%22%3A3%7D","https://down-id.img.susercontent.com/file/2f65b0f77a8615fef595042444f63143","https://down-id.img.susercontent.com/file/id-11134258-82250-mkvvn2x0joqodc","EIGER X-SPEEDING STREET VEST","654.000","-4%","https://deo.shopeemobile.com/shopee/modules-federation/live/0/shopee__item-card-centralisation/0.1.11/pc/b4d1b8a78b3621dbdf4a.svg","Pilih Lokal","5.0","1RB+ terjual"
"https://shopee.co.id/EIGER-X-ACHILLES-TEES-i.19260065.28571194990?extraParams=%7B%22display_model_id%22%3A237174464645%2C%22model_selection_logic%22%3A3%7D","https://down-id.img.susercontent.com/file/id-11134207-7rasc-m3zuwx21pdpfff","https://down-id.img.susercontent.com/file/id-11134258-82250-mkvvn2x0joqodc","EIGER X - ACHILLES TEES","244.000","-2%","https://deo.shopeemobile.com/shopee/modules-federation/live/0/shopee__item-card-centralisation/0.1.11/pc/b4d1b8a78b3621dbdf4a.svg","Pilih Lokal","4.9","33 terjual"
"https://shopee.co.id/EIGER-TRAIL-COMMANDER-T-SHIRT-i.19260065.49254644044?extraParams=%7B%22display_model_id%22%3A315431686744%2C%22model_selection_logic%22%3A3%7D","https://down-id.img.susercontent.com/file/id-11134207-8224r-mjgf9tgonb4175","https://down-id.img.susercontent.com/file/id-11134258-82250-mkvvn2x0joqodc","EIGER TRAIL COMMANDER T-SHIRT","194.000","-3%","https://deo.shopeemobile.com/shopee/modules-federation/live/0/shopee__item-card-centralisation/0.1.11/pc/b4d1b8a78b3621dbdf4a.svg","Pilih Lokal","4.8","73 terjual"
"https://shopee.co.id/EIGER-ESSENZA-LS-TEES-i.19260065.18076970871?extraParams=%7B%22display_model_id%22%3A49285046048%2C%22model_selection_logic%22%3A3%7D","https://down-id.img.susercontent.com/file/id-11134201-7qukw-leqss44dz52q9d","https://down-id.img.susercontent.com/file/id-11134258-82250-mkvvn2x0joqodc","EIGER ESSENZA LS TEES","244.000","-2%","https://deo.shopeemobile.com/shopee/modules-federation/live/0/shopee__item-card-centralisation/0.1.11/pc/b4d1b8a78b3621dbdf4a.svg","Pilih Lokal","4.9","708 terjual"
"https://shopee.co.id/EIGER-X-FAST-SHORTS-i.19260065.40657283091?extraParams=%7B%22display_model_id%22%3A265617206938%2C%22model_selection_logic%22%3A3%7D","https://down-id.img.susercontent.com/file/id-11134207-7ra0u-mbrmybyvsv5ya5","https://down-id.img.susercontent.com/file/id-11134258-82250-mkvvn2x0joqodc","EIGER X-FAST SHORTS","244.000","-2%","https://deo.shopeemobile.com/shopee/modules-federation/live/0/shopee__item-card-centralisation/0.1.11/pc/b4d1b8a78b3621dbdf4a.svg","Pilih Lokal","4.9","78 terjual"
"https://shopee.co.id/EIGER-MENS-COMBAT-TACTICAL-SOFTSHELL-JACKET-i.19260065.40456786020?extraParams=%7B%22display_model_id%22%3A168975734729%2C%22model_selection_logic%22%3A3%7D","https://down-id.img.susercontent.com/file/id-11134207-7ra0k-mbn98ig2n0bb6e","https://down-id.img.susercontent.com/file/id-11134258-82250-mkvvn2x0joqodc","EIGER MENS COMBAT TACTICAL SOFTSHELL JACKET","1.124.000","-6%","https://deo.shopeemobile.com/shopee/modules-federation/live/0/shopee__item-card-centralisation/0.1.11/pc/b4d1b8a78b3621dbdf4a.svg","Pilih Lokal","4.9","312 terjual"
"https://shopee.co.id/EIGER-X-RETRO-RINJANI-T-SHIRT-i.19260065.16571717321?extraParams=%7B%22display_model_id%22%3A180395032369%2C%22model_selection_logic%22%3A3%7D","https://down-id.img.susercontent.com/file/711dac239fa2dfd538718b875e1c3a9e","https://down-id.img.susercontent.com/file/id-11134258-82250-mkvvn2x0joqodc","EIGER X-RETRO RINJANI T-SHIRT","194.000","-3%","https://deo.shopeemobile.com/shopee/modules-federation/live/0/shopee__item-card-centralisation/0.1.11/pc/b4d1b8a78b3621dbdf4a.svg","Pilih Lokal","4.9","982 terjual"
"https://shopee.co.id/EIGER-RIVULET-LS-TEES-i.19260065.14246495591?extraParams=%7B%22display_model_id%22%3A38298900825%2C%22model_selection_logic%22%3A3%7D","https://down-id.img.susercontent.com/file/ef48aa94ef5ebd8e3483ce1adf62688d","https://down-id.img.susercontent.com/file/id-11134258-82250-mkvvn2x0joqodc","EIGER RIVULET LS TEES","204.000","-2%","https://deo.shopeemobile.com/shopee/modules-federation/live/0/shopee__item-card-centralisation/0.1.11/pc/b4d1b8a78b3621dbdf4a.svg","Pilih Lokal","4.9","920 terjual"
"https://shopee.co.id/EIGER-WS-KAUWELA-PRINTED-SHIRT-i.19260065.29067612052?extraParams=%7B%22display_model_id%22%3A257028509040%2C%22model_selection_logic%22%3A3%7D","https://down-id.img.susercontent.com/file/id-11134207-7rash-m2ktpeyz1iyn2a","https://down-id.img.susercontent.com/file/id-11134258-82250-mkvvn2x0joqodc","EIGER WS KAUWELA PRINTED SHIRT","149.500","-50%","","Pilih Lokal","5.0","76 terjual"
"https://shopee.co.id/EIGER-MENS-X-CONQUEST-SS-SHIRT-i.19260065.29252398940?extraParams=%7B%22display_model_id%22%3A148663302932%2C%22model_selection_logic%22%3A3%7D","https://down-id.img.susercontent.com/file/id-11134207-7r98x-lwds80j40gj0b3","https://down-id.img.susercontent.com/file/id-11134258-82250-mkvvn2x0joqodc","EIGER MENS X-CONQUEST SS SHIRT","464.000","-3%","https://deo.shopeemobile.com/shopee/modules-federation/live/0/shopee__item-card-centralisation/0.1.11/pc/b4d1b8a78b3621dbdf4a.svg","Pilih Lokal","4.9","192 terjual"
"https://shopee.co.id/EIGER-BIZKORA-ACTIVE-TEES-i.19260065.25563685016?extraParams=%7B%22display_model_id%22%3A232521016332%2C%22model_selection_logic%22%3A3%7D","https://down-id.img.susercontent.com/file/id-11134207-7r98x-lrsflv6d9k25d7","https://down-id.img.susercontent.com/file/id-11134258-82250-mkvvn2x0joqodc","EIGER BIZKORA ACTIVE TEES","204.000","-2%","https://deo.shopeemobile.com/shopee/modules-federation/live/0/shopee__item-card-centralisation/0.1.11/pc/b4d1b8a78b3621dbdf4a.svg","Pilih Lokal","4.9","430 terjual"
"https://shopee.co.id/EIGER-MEN'S-HARAU-HALF-ZIP-WARMER-SWEATER-i.19260065.22735707659?extraParams=%7B%22display_model_id%22%3A231366972945%2C%22model_selection_logic%22%3A3%7D","https://down-id.img.susercontent.com/file/id-11134207-7rasj-m64tt3cpzchyd6","https://down-id.img.susercontent.com/file/id-11134258-82250-mkvvn2x0joqodc","EIGER MEN'S HARAU HALF ZIP WARMER SWEATER","414.000","-3%","https://deo.shopeemobile.com/shopee/modules-federation/live/0/shopee__item-card-centralisation/0.1.11/pc/b4d1b8a78b3621dbdf4a.svg","Pilih Lokal","4.9","584 terjual"
"https://shopee.co.id/EIGER-WOMEN-ANOTHER-DAY-SS-TEES-i.19260065.46757118485?extraParams=%7B%22display_model_id%22%3A430633871792%2C%22model_selection_logic%22%3A3%7D","https://down-id.img.susercontent.com/file/id-11134207-822wn-mlq25cwh9lvn0f","https://down-id.img.susercontent.com/file/id-11134258-82250-mkvvn2x0joqodc","EIGER WOMEN ANOTHER DAY SS TEES","174.000","-3%","https://deo.shopeemobile.com/shopee/modules-federation/live/0/shopee__item-card-centralisation/0.1.11/pc/b4d1b8a78b3621dbdf4a.svg","Pilih Lokal","5.0","35 terjual"
"https://shopee.co.id/EIGER-SPYROS-HYBRID-JACKET-i.19260065.48304980342?extraParams=%7B%22display_model_id%22%3A292348145768%2C%22model_selection_logic%22%3A3%7D","https://down-id.img.susercontent.com/file/id-11134207-82250-mjpau6vqi6ma70","https://down-id.img.susercontent.com/file/id-11134258-82250-mkvvn2x0joqodc","EIGER SPYROS HYBRID JACKET","514.000","-5%","https://deo.shopeemobile.com/shopee/modules-federation/live/0/shopee__item-card-centralisation/0.1.11/pc/b4d1b8a78b3621dbdf4a.svg","Pilih Lokal","5.0","25 terjual"
"https://shopee.co.id/EIGER-TERRAIN-T-SHIRT-i.19260065.44701886264?extraParams=%7B%22display_model_id%22%3A315179636943%2C%22model_selection_logic%22%3A3%7D","https://down-id.img.susercontent.com/file/id-11134207-8224r-mhbe7nklt91m4e","https://down-id.img.susercontent.com/file/id-11134258-82250-mkvvn2x0joqodc","EIGER TERRAIN T-SHIRT","204.000","-2%","https://deo.shopeemobile.com/shopee/modules-federation/live/0/shopee__item-card-centralisation/0.1.11/pc/b4d1b8a78b3621dbdf4a.svg","Pilih Lokal","4.9","399 terjual"
"https://shopee.co.id/EIGER-X-HUDSON-VEST-WARM-i.19260065.25474122064?extraParams=%7B%22display_model_id%22%3A29473083753%2C%22model_selection_logic%22%3A3%7D","https://down-id.img.susercontent.com/file/id-11134207-7r98y-lu4lsazkn0t2f3","https://down-id.img.susercontent.com/file/id-11134258-82250-mkvvn2x0joqodc","EIGER X-HUDSON VEST WARM","484.000","-3%","https://deo.shopeemobile.com/shopee/modules-federation/live/0/shopee__item-card-centralisation/0.1.11/pc/b4d1b8a78b3621dbdf4a.svg","Pilih Lokal","4.9","200 terjual"
"https://shopee.co.id/EIGER-TRAVLA-SWEATSHIRT-i.19260065.24343091085?extraParams=%7B%22display_model_id%22%3A39539023692%2C%22model_selection_logic%22%3A3%7D","https://down-id.img.susercontent.com/file/id-11134207-7rbk0-m7rhyh3a36tsb2","https://down-id.img.susercontent.com/file/id-11134258-82250-mkvvn2x0joqodc","EIGER TRAVLA SWEATSHIRT","344.300","-31%","https://deo.shopeemobile.com/shopee/modules-federation/live/0/shopee__item-card-centralisation/0.1.11/pc/b4d1b8a78b3621dbdf4a.svg","Pilih Lokal","4.9","49 terjual"
"https://shopee.co.id/EIGER-MEN'S-TREPAR-SS-SHIRT-i.19260065.26121209117?extraParams=%7B%22display_model_id%22%3A185656817892%2C%22model_selection_logic%22%3A3%7D","https://down-id.img.susercontent.com/file/id-11134207-7rasa-m3zuwx21v0617a","https://down-id.img.susercontent.com/file/id-11134258-82250-mkvvn2x0joqodc","EIGER MEN'S TREPAR SS SHIRT","352.512","-23%","https://deo.shopeemobile.com/shopee/modules-federation/live/0/shopee__item-card-centralisation/0.1.11/pc/b4d1b8a78b3621dbdf4a.svg","Pilih Lokal","4.9","94 terjual"
"https://shopee.co.id/EIGER-X-KENALI-NEGERI-SS-T-SHIRT-RX-i.19260065.55504515017?extraParams=%7B%22display_model_id%22%3A282327096235%2C%22model_selection_logic%22%3A3%7D","https://down-id.img.susercontent.com/file/id-11134207-82251-mjdtknl4exada7","https://down-id.img.susercontent.com/file/id-11134258-82250-mkvvn2x0joqodc","EIGER X-KENALI NEGERI SS T-SHIRT RX","214.000","-2%","https://deo.shopeemobile.com/shopee/modules-federation/live/0/shopee__item-card-centralisation/0.1.11/pc/b4d1b8a78b3621dbdf4a.svg","Pilih Lokal","4.9","240 terjual"
"https://shopee.co.id/EIGER-CHROME-WELL-1.0-T-SHIRT-i.19260065.46903295241?extraParams=%7B%22display_model_id%22%3A360314182202%2C%22model_selection_logic%22%3A3%7D","https://down-id.img.susercontent.com/file/id-11134207-8224z-mie05jl195af18","https://down-id.img.susercontent.com/file/id-11134258-82250-mkvvn2x0joqodc","EIGER CHROME WELL 1.0 T-SHIRT","194.000","-3%","https://deo.shopeemobile.com/shopee/modules-federation/live/0/shopee__item-card-centralisation/0.1.11/pc/b4d1b8a78b3621dbdf4a.svg","Pilih Lokal","5.0","172 terjual"
"https://shopee.co.id/EIGER-ACT-AIRYLIGHT-SIGNATURE-WOMEN'S-LS-T-SHIRT-i.19260065.54958290164?extraParams=%7B%22display_model_id%22%3A420736056708%2C%22model_selection_logic%22%3A3%7D","https://down-id.img.susercontent.com/file/id-11134207-822wj-mn3w2esr9f5x6e","https://down-id.img.susercontent.com/file/id-11134258-82250-mkvvn2x0joqodc","EIGER ACT AIRYLIGHT SIGNATURE WOMEN'S LS T-SHIRT","344.000","-1%","https://deo.shopeemobile.com/shopee/modules-federation/live/0/shopee__item-card-centralisation/0.1.11/pc/b4d1b8a78b3621dbdf4a.svg","Pilih Lokal","5.0","7 terjual"
"https://shopee.co.id/EIGER-OUTSIDER-SWEATER-2.0-i.19260065.45958558428?extraParams=%7B%22display_model_id%22%3A370757798861%2C%22model_selection_logic%22%3A3%7D","https://down-id.img.susercontent.com/file/id-11134207-822wk-mmvet77o6ozme4","https://down-id.img.susercontent.com/file/id-11134258-82250-mkvvn2x0joqodc","EIGER OUTSIDER SWEATER 2.0","384.000","-14%","https://deo.shopeemobile.com/shopee/modules-federation/live/0/shopee__item-card-centralisation/0.1.11/pc/b4d1b8a78b3621dbdf4a.svg","Pilih Lokal","5.0","26 terjual"
"https://shopee.co.id/EIGER-MISSION-LS-SHIRT-i.19260065.15870872133?extraParams=%7B%22display_model_id%22%3A29516522297%2C%22model_selection_logic%22%3A3%7D","https://down-id.img.susercontent.com/file/b853e74aa603f4e0445dd4af1f9e2d36","https://down-id.img.susercontent.com/file/id-11134258-82250-mkvvn2x0joqodc","EIGER MISSION LS SHIRT","424.000","-3%","https://deo.shopeemobile.com/shopee/modules-federation/live/0/shopee__item-card-centralisation/0.1.11/pc/b4d1b8a78b3621dbdf4a.svg","Pilih Lokal","4.9","568 terjual"
"https://shopee.co.id/EIGER-X-SKADI-SS-T-SHIRT-i.19260065.49352227077?extraParams=%7B%22display_model_id%22%3A345214258183%2C%22model_selection_logic%22%3A3%7D","https://down-id.img.susercontent.com/file/id-11134207-8224r-mhk72lhm7pqe0d","https://down-id.img.susercontent.com/file/id-11134258-82250-mkvvn2x0joqodc","EIGER X-SKADI SS T-SHIRT","224.000","-2%","https://deo.shopeemobile.com/shopee/modules-federation/live/0/shopee__item-card-centralisation/0.1.11/pc/b4d1b8a78b3621dbdf4a.svg","Pilih Lokal","4.9","142 terjual"
"https://shopee.co.id/EIGER-ESSENTIAL-SS-SHIRT-RX-i.19260065.27891994488?extraParams=%7B%22display_model_id%22%3A198719410708%2C%22model_selection_logic%22%3A3%7D","https://down-id.img.susercontent.com/file/id-11134207-81ztf-mezialassdmwff","https://down-id.img.susercontent.com/file/id-11134258-82250-mkvvn2x0joqodc","EIGER ESSENTIAL SS SHIRT RX","344.000","-1%","https://deo.shopeemobile.com/shopee/modules-federation/live/0/shopee__item-card-centralisation/0.1.11/pc/b4d1b8a78b3621dbdf4a.svg","Pilih Lokal","5.0","109 terjual"
"https://shopee.co.id/EIGER-PARINACOTA-2.0-T-SHIRT-i.19260065.18109210276?extraParams=%7B%22display_model_id%22%3A210526109224%2C%22model_selection_logic%22%3A3%7D","https://down-id.img.susercontent.com/file/1a7cecb5434df07129b42e2f365498da","https://down-id.img.susercontent.com/file/id-11134258-82250-mkvvn2x0joqodc","EIGER PARINACOTA 2.0 T-SHIRT","264.000","-2%","https://deo.shopeemobile.com/shopee/modules-federation/live/0/shopee__item-card-centralisation/0.1.11/pc/b4d1b8a78b3621dbdf4a.svg","Pilih Lokal","4.9","495 terjual"
"https://shopee.co.id/EIGER-KAHUNA-PARKA-2.0-JACKET-i.19260065.16459288691?extraParams=%7B%22display_model_id%22%3A38717283067%2C%22model_selection_logic%22%3A3%7D","https://down-id.img.susercontent.com/file/8fe2d8d042aa7c2386cbe2eb2db29e96","https://down-id.img.susercontent.com/file/id-11134258-82250-mkvvn2x0joqodc","EIGER KAHUNA PARKA 2.0 JACKET","494.000","-5%","https://deo.shopeemobile.com/shopee/modules-federation/live/0/shopee__item-card-centralisation/0.1.11/pc/b4d1b8a78b3621dbdf4a.svg","Pilih Lokal","4.9","1RB+ terjual"
"https://shopee.co.id/EIGER-X-RAPID-SS-SHIRT-i.19260065.52856767522?extraParams=%7B%22display_model_id%22%3A259176487793%2C%22model_selection_logic%22%3A3%7D","https://down-id.img.susercontent.com/file/id-11134207-822wp-mlfwgrda6lfp91","https://down-id.img.susercontent.com/file/id-11134258-82250-mkvvn2x0joqodc","EIGER X RAPID SS SHIRT","444.000","-3%","https://deo.shopeemobile.com/shopee/modules-federation/live/0/shopee__item-card-centralisation/0.1.11/pc/b4d1b8a78b3621dbdf4a.svg","Pilih Lokal","5.0","27 terjual"
"https://shopee.co.id/EIGER-X-ZOMER-T-SHIRT-i.19260065.5283031342?extraParams=%7B%22display_model_id%22%3A64353439687%2C%22model_selection_logic%22%3A3%7D","https://down-id.img.susercontent.com/file/id-11134207-8224s-mgn3axiw9ki589","https://down-id.img.susercontent.com/file/id-11134258-82250-mkvvn2x0joqodc","EIGER X-ZOMER T-SHIRT","194.000","-3%","https://deo.shopeemobile.com/shopee/modules-federation/live/0/shopee__item-card-centralisation/0.1.11/pc/b4d1b8a78b3621dbdf4a.svg","Pilih Lokal","4.9","280 terjual"
"https://shopee.co.id/EIGER-ACT-A-DAPT-BREEZEEASE-MEN-T-SHIRT-i.19260065.42500948597?extraParams=%7B%22display_model_id%22%3A265075861667%2C%22model_selection_logic%22%3A3%7D","https://down-id.img.susercontent.com/file/id-11134207-7rbk8-m9yb8j6gckbxb8","https://down-id.img.susercontent.com/file/id-11134258-82250-mkvvn2x0joqodc","EIGER ACT A-DAPT BREEZEEASE MEN T-SHIRT","224.000","-2%","https://deo.shopeemobile.com/shopee/modules-federation/live/0/shopee__item-card-centralisation/0.1.11/pc/b4d1b8a78b3621dbdf4a.svg","Pilih Lokal","5.0","93 terjual"
"https://shopee.co.id/EIGER-WOMEN-NEO-CLIMB-JOGGER-PANTS-1.0-i.19260065.40358582609?extraParams=%7B%22display_model_id%22%3A147888525035%2C%22model_selection_logic%22%3A3%7D","https://down-id.img.susercontent.com/file/id-11134207-7ra0j-mc7mm999byqp35","https://down-id.img.susercontent.com/file/id-11134258-82250-mkvvn2x0joqodc","EIGER WOMEN NEO CLIMB JOGGER PANTS 1.0","316.300","-31%","https://deo.shopeemobile.com/shopee/modules-federation/live/0/shopee__item-card-centralisation/0.1.11/pc/b4d1b8a78b3621dbdf4a.svg","Pilih Lokal","4.9","75 terjual"
"https://shopee.co.id/EIGER-X-SAIMAA-CARGO-LONGPANTS-i.19260065.40301119924?extraParams=%7B%22display_model_id%22%3A290090610267%2C%22model_selection_logic%22%3A3%7D","https://down-id.img.susercontent.com/file/id-11134207-7rbk7-m9u1xygsksbi0f","https://down-id.img.susercontent.com/file/id-11134258-82250-mkvvn2x0joqodc","EIGER X-SAIMAA CARGO LONGPANTS","344.300","-31%","https://deo.shopeemobile.com/shopee/modules-federation/live/0/shopee__item-card-centralisation/0.1.11/pc/b4d1b8a78b3621dbdf4a.svg","Pilih Lokal","5.0","103 terjual"
"https://shopee.co.id/EIGER-THUNDERSTRUCK-S-S-T-SHIRT-RD-i.19260065.5979256447?extraParams=%7B%22display_model_id%22%3A296049217175%2C%22model_selection_logic%22%3A3%7D","https://down-id.img.susercontent.com/file/id-11134207-7ra0s-mdcmuyhhf7lodc","https://down-id.img.susercontent.com/file/id-11134258-82250-mkvvn2x0joqodc","EIGER THUNDERSTRUCK S/S T-SHIRT RD","143.200","-20%","","Pilih Lokal","4.9","1RB+ terjual"
"https://shopee.co.id/EIGER-ATTACK-COMBAT-SHIRT-i.19260065.24135741454?extraParams=%7B%22display_model_id%22%3A148781011489%2C%22model_selection_logic%22%3A3%7D","https://down-id.img.susercontent.com/file/id-11134207-7r991-lzuptlal15ooef","https://down-id.img.susercontent.com/file/id-11134258-82250-mkvvn2x0joqodc","EIGER ATTACK COMBAT SHIRT","404.300","-33%","https://deo.shopeemobile.com/shopee/modules-federation/live/0/shopee__item-card-centralisation/0.1.11/pc/b4d1b8a78b3621dbdf4a.svg","Pilih Lokal","4.9","193 terjual"
"https://shopee.co.id/EIGER-MENS-EQUATOR-SHIRT-3.0-LS-i.19260065.45302268775?extraParams=%7B%22display_model_id%22%3A216381384092%2C%22model_selection_logic%22%3A3%7D","https://down-id.img.susercontent.com/file/id-11134207-8224t-mhlfxbm3nzt0e3","https://down-id.img.susercontent.com/file/id-11134258-82250-mkvvn2x0joqodc","EIGER MENS EQUATOR SHIRT 3.0 LS","544.000","-4%","https://deo.shopeemobile.com/shopee/modules-federation/live/0/shopee__item-card-centralisation/0.1.11/pc/b4d1b8a78b3621dbdf4a.svg","Pilih Lokal","5.0","68 terjual"
"https://shopee.co.id/EIGER-GORDIAN-VEST-2.0-i.19260065.53653895226?extraParams=%7B%22display_model_id%22%3A390565669405%2C%22model_selection_logic%22%3A3%7D","https://down-id.img.susercontent.com/file/id-11134207-8224t-mitw1fqo9yq02f","https://down-id.img.susercontent.com/file/id-11134258-82250-mkvvn2x0joqodc","EIGER GORDIAN VEST 2.0","474.000","-3%","https://deo.shopeemobile.com/shopee/modules-federation/live/0/shopee__item-card-centralisation/0.1.11/pc/b4d1b8a78b3621dbdf4a.svg","Pilih Lokal","4.9","98 terjual"
"https://shopee.co.id/EIGER-RASTER-LOGO-2.0-T-SHIRT-i.19260065.24930200438?extraParams=%7B%22display_model_id%22%3A177355094293%2C%22model_selection_logic%22%3A3%7D","https://down-id.img.susercontent.com/file/id-11134207-7r98s-lv8d6wxnnqew6d","https://down-id.img.susercontent.com/file/id-11134258-82250-mkvvn2x0joqodc","EIGER RASTER LOGO 2.0 T-SHIRT","164.000","-3%","https://deo.shopeemobile.com/shopee/modules-federation/live/0/shopee__item-card-centralisation/0.1.11/pc/b4d1b8a78b3621dbdf4a.svg","Pilih Lokal","4.9","791 terjual"
"https://shopee.co.id/EIGER-CROSSTOWN-LONG-PANTS-i.19260065.43314094163?extraParams=%7B%22display_model_id%22%3A248768539162%2C%22model_selection_logic%22%3A3%7D","https://down-id.img.susercontent.com/file/id-11134207-7ra0l-mdmv2v3ar72n87","https://down-id.img.susercontent.com/file/id-11134258-82250-mkvvn2x0joqodc","EIGER CROSSTOWN LONG PANTS","376.300","-33%","https://deo.shopeemobile.com/shopee/modules-federation/live/0/shopee__item-card-centralisation/0.1.11/pc/b4d1b8a78b3621dbdf4a.svg","Pilih Lokal","4.9","96 terjual"
"https://shopee.co.id/EIGER-KENALI-NEGERI-SHIRT-SS-i.19260065.25171832019?extraParams=%7B%22display_model_id%22%3A187406449995%2C%22model_selection_logic%22%3A3%7D","https://down-id.img.susercontent.com/file/id-11134207-7r98z-ltj93nuazk3p53","https://down-id.img.susercontent.com/file/id-11134258-82250-mkvvn2x0joqodc","EIGER KENALI NEGERI SHIRT SS","239.300","-31%","https://deo.shopeemobile.com/shopee/modules-federation/live/0/shopee__item-card-centralisation/0.1.11/pc/b4d1b8a78b3621dbdf4a.svg","Pilih Lokal","4.9","194 terjual"
"https://shopee.co.id/EIGER-ETHNO-SHIRT-SS-i.19260065.25364838338?extraParams=%7B%22display_model_id%22%3A207328222678%2C%22model_selection_logic%22%3A3%7D","https://down-id.img.susercontent.com/file/id-11134207-7r98y-ltgempdzaody7b","https://down-id.img.susercontent.com/file/id-11134258-82250-mkvvn2x0joqodc","EIGER ETHNO SHIRT SS","334.000","-1%","https://deo.shopeemobile.com/shopee/modules-federation/live/0/shopee__item-card-centralisation/0.1.11/pc/b4d1b8a78b3621dbdf4a.svg","Pilih Lokal","4.9","531 terjual"
"https://shopee.co.id/EIGER-HURTLE-JACKET-DENIM-i.19260065.47151815571?extraParams=%7B%22display_model_id%22%3A315166037980%2C%22model_selection_logic%22%3A3%7D","https://down-id.img.susercontent.com/file/id-11134207-8224x-mha770o5cb2m19","https://down-id.img.susercontent.com/file/id-11134258-82250-mkvvn2x0joqodc","EIGER HURTLE JACKET DENIM","644.000","-4%","https://deo.shopeemobile.com/shopee/modules-federation/live/0/shopee__item-card-centralisation/0.1.11/pc/b4d1b8a78b3621dbdf4a.svg","Pilih Lokal","4.8","94 terjual"
"https://shopee.co.id/EIGER-LANDRIDE-LS-T-SHIRT-i.19260065.47256293336?extraParams=%7B%22display_model_id%22%3A345568423073%2C%22model_selection_logic%22%3A3%7D","https://down-id.img.susercontent.com/file/id-11134207-8224s-mkvund3h5ddv76","https://down-id.img.susercontent.com/file/id-11134258-82250-mkvvn2x0joqodc","EIGER LANDRIDE LS T-SHIRT","244.000","-2%","https://deo.shopeemobile.com/shopee/modules-federation/live/0/shopee__item-card-centralisation/0.1.11/pc/b4d1b8a78b3621dbdf4a.svg","Pilih Lokal","4.8","61 terjual"
"https://shopee.co.id/EIGER-ACROSS-1.2-WINDPROOF-JACKET-i.19260065.8982636770?extraParams=%7B%22display_model_id%22%3A46626562902%2C%22model_selection_logic%22%3A3%7D","https://down-id.img.susercontent.com/file/id-11134207-8224p-mkdjdzasg7wgda","https://down-id.img.susercontent.com/file/id-11134258-82250-mkvvn2x0joqodc","EIGER ACROSS 1.2 WINDPROOF JACKET","584.000","-4%","https://deo.shopeemobile.com/shopee/modules-federation/live/0/shopee__item-card-centralisation/0.1.11/pc/b4d1b8a78b3621dbdf4a.svg","Pilih Lokal","4.9","3RB+ terjual"
"https://shopee.co.id/EIGER-X-BANDIAGARA-JOGGER-SWEATPANTS-i.19260065.40918217643?extraParams=%7B%22display_model_id%22%3A261498419066%2C%22model_selection_logic%22%3A3%7D","https://down-id.img.susercontent.com/file/id-11134207-81ztj-mefllc01y8e8f5","https://down-id.img.susercontent.com/file/id-11134258-82250-mkvvn2x0joqodc","EIGER X-BANDIAGARA JOGGER SWEATPANTS","368.200","-23%","https://deo.shopeemobile.com/shopee/modules-federation/live/0/shopee__item-card-centralisation/0.1.11/pc/b4d1b8a78b3621dbdf4a.svg","Pilih Lokal","5.0","49 terjual"
"https://shopee.co.id/EIGER-WAKATOBI-XT-SHORTS-i.19260065.17436207399?extraParams=%7B%22display_model_id%22%3A124958942075%2C%22model_selection_logic%22%3A3%7D","https://down-id.img.susercontent.com/file/4d68d39215175d6c411dbb63ff29fa95","https://down-id.img.susercontent.com/file/id-11134258-82250-mkvvn2x0joqodc","EIGER WAKATOBI XT SHORTS","304.000","-2%","https://deo.shopeemobile.com/shopee/modules-federation/live/0/shopee__item-card-centralisation/0.1.11/pc/b4d1b8a78b3621dbdf4a.svg","Pilih Lokal","4.9","512 terjual"
"https://shopee.co.id/EIGER-X-DUBLIN-T-SHIRT-i.19260065.10301730963?extraParams=%7B%22display_model_id%22%3A81794522441%2C%22model_selection_logic%22%3A3%7D","https://down-id.img.susercontent.com/file/4b22d95c95d17b49d2951467ceeab2fc","https://down-id.img.susercontent.com/file/id-11134258-82250-mkvvn2x0joqodc","EIGER X-DUBLIN T-SHIRT","154.000","-3%","https://deo.shopeemobile.com/shopee/modules-federation/live/0/shopee__item-card-centralisation/0.1.11/pc/b4d1b8a78b3621dbdf4a.svg","Pilih Lokal","4.9","3RB+ terjual"
"https://shopee.co.id/EIGER-RAW-TSHIRT-SS-i.19260065.25745220686?extraParams=%7B%22display_model_id%22%3A206084545410%2C%22model_selection_logic%22%3A3%7D","https://down-id.img.susercontent.com/file/id-11134207-7rbke-m9tr9m9dkbuj47","https://down-id.img.susercontent.com/file/id-11134258-82250-mkvvn2x0joqodc","EIGER RAW TSHIRT SS","204.000","-2%","https://deo.shopeemobile.com/shopee/modules-federation/live/0/shopee__item-card-centralisation/0.1.11/pc/b4d1b8a78b3621dbdf4a.svg","Pilih Lokal","4.9","87 terjual"
"https://shopee.co.id/EIGER-STRATO-JOGGER-PANTS-i.19260065.25130499712?extraParams=%7B%22display_model_id%22%3A240822161651%2C%22model_selection_logic%22%3A3%7D","https://down-id.img.susercontent.com/file/id-11134207-7r98y-lv9ujc68sz20f2","https://down-id.img.susercontent.com/file/id-11134258-82250-mkvvn2x0joqodc","EIGER STRATO JOGGER PANTS","352.512","-23%","https://deo.shopeemobile.com/shopee/modules-federation/live/0/shopee__item-card-centralisation/0.1.11/pc/b4d1b8a78b3621dbdf4a.svg","Pilih Lokal","4.9","284 terjual"
"https://shopee.co.id/EIGER-APPALACHIAN-SS-T-SHIRT-i.19260065.24340723837?extraParams=%7B%22display_model_id%22%3A208168525658%2C%22model_selection_logic%22%3A3%7D","https://down-id.img.susercontent.com/file/id-11134207-7rask-m5b5qvxrai8jab","https://down-id.img.susercontent.com/file/id-11134258-82250-mkvvn2x0joqodc","EIGER APPALACHIAN SS T-SHIRT","214.000","-2%","https://deo.shopeemobile.com/shopee/modules-federation/live/0/shopee__item-card-centralisation/0.1.11/pc/b4d1b8a78b3621dbdf4a.svg","Pilih Lokal","4.9","56 terjual"
"https://shopee.co.id/EIGER-GLACIER-SS-SHIRTS-i.19260065.43255113624?extraParams=%7B%22display_model_id%22%3A167269052110%2C%22model_selection_logic%22%3A3%7D","https://down-id.img.susercontent.com/file/id-11134207-7ra0t-mb63od10naejfa","https://down-id.img.susercontent.com/file/id-11134258-82250-mkvvn2x0joqodc","EIGER GLACIER SS SHIRTS","246.300","-31%","https://deo.shopeemobile.com/shopee/modules-federation/live/0/shopee__item-card-centralisation/0.1.11/pc/b4d1b8a78b3621dbdf4a.svg","Pilih Lokal","5.0","131 terjual"
"https://shopee.co.id/EIGER-WS-VANASEEKER-WARMER-JACKET-i.19260065.21837933979?extraParams=%7B%22display_model_id%22%3A266050314976%2C%22model_selection_logic%22%3A3%7D","https://down-id.img.susercontent.com/file/id-11134207-7ra0g-mdcntuuz0yid35","https://down-id.img.susercontent.com/file/id-11134258-82250-mkvvn2x0joqodc","EIGER WS VANASEEKER WARMER JACKET","384.000","-4%","https://deo.shopeemobile.com/shopee/modules-federation/live/0/shopee__item-card-centralisation/0.1.11/pc/b4d1b8a78b3621dbdf4a.svg","Pilih Lokal","4.9","1RB+ terjual"
"https://shopee.co.id/EIGER-ACT-AIRY-LIGHT-SIGNATURE-MEN'S-LS-T-SHIRT-i.19260065.24748081082?extraParams=%7B%22display_model_id%22%3A307509637955%2C%22model_selection_logic%22%3A3%7D","https://down-id.img.susercontent.com/file/id-11134207-822wm-mnxx970h6hol1e","https://down-id.img.susercontent.com/file/id-11134258-82250-mkvvn2x0joqodc","EIGER ACT AIRY LIGHT SIGNATURE MEN'S LS T-SHIRT","344.000","-1%","https://deo.shopeemobile.com/shopee/modules-federation/live/0/shopee__item-card-centralisation/0.1.11/pc/b4d1b8a78b3621dbdf4a.svg","Pilih Lokal","5.0","38 terjual"
"https://shopee.co.id/EIGER-TAZKY-SS-T-SHIRT-i.19260065.42125451395?extraParams=%7B%22display_model_id%22%3A282063066971%2C%22model_selection_logic%22%3A3%7D","https://down-id.img.susercontent.com/file/id-11134207-8224z-mg4mzj8j71u5d7","https://down-id.img.susercontent.com/file/id-11134258-82250-mkvvn2x0joqodc","EIGER TAZKY SS T-SHIRT","194.000","-3%","https://deo.shopeemobile.com/shopee/modules-federation/live/0/shopee__item-card-centralisation/0.1.11/pc/b4d1b8a78b3621dbdf4a.svg","Pilih Lokal","4.9","152 terjual"
"https://shopee.co.id/EIGER-ABSTRAIT-LOGO-T-SHIRT-i.19260065.40017124827?extraParams=%7B%22display_model_id%22%3A261411535116%2C%22model_selection_logic%22%3A3%7D","https://down-id.img.susercontent.com/file/id-11134207-81ztm-me5bb5zxgiro2c","https://down-id.img.susercontent.com/file/id-11134258-82250-mkvvn2x0joqodc","EIGER ABSTRAIT LOGO T-SHIRT","164.000","-3%","https://deo.shopeemobile.com/shopee/modules-federation/live/0/shopee__item-card-centralisation/0.1.11/pc/b4d1b8a78b3621dbdf4a.svg","Pilih Lokal","4.9","503 terjual"
"https://shopee.co.id/EIGER-STRAIGHT-RIDE-T-SHIRT-i.19260065.8965717017?extraParams=%7B%22display_model_id%22%3A35890254696%2C%22model_selection_logic%22%3A3%7D","https://down-id.img.susercontent.com/file/id-11134207-7rasg-m2lu8u1iscep7c","https://down-id.img.susercontent.com/file/id-11134258-82250-mkvvn2x0joqodc","EIGER STRAIGHT RIDE T-SHIRT","214.000","-2%","https://deo.shopeemobile.com/shopee/modules-federation/live/0/shopee__item-card-centralisation/0.1.11/pc/b4d1b8a78b3621dbdf4a.svg","Pilih Lokal","4.9","1RB+ terjual"
"https://shopee.co.id/EIGER-NEWARK-WINDPROOF-JACKET-i.19260065.24503055019?extraParams=%7B%22display_model_id%22%3A129403205994%2C%22model_selection_logic%22%3A3%7D","https://down-id.img.susercontent.com/file/id-11134207-7ra0r-mc67g2d9nqob8e","https://down-id.img.susercontent.com/file/id-11134258-82250-mkvvn2x0joqodc","EIGER NEWARK WINDPROOF JACKET","674.000","-4%","https://deo.shopeemobile.com/shopee/modules-federation/live/0/shopee__item-card-centralisation/0.1.11/pc/b4d1b8a78b3621dbdf4a.svg","Pilih Lokal","4.9","401 terjual"
"https://shopee.co.id/EIGER-BEDROCK-2.0-SHORTPANTS-i.19260065.44478735546?extraParams=%7B%22display_model_id%22%3A320556604614%2C%22model_selection_logic%22%3A3%7D","https://down-id.img.susercontent.com/file/id-11134207-8224s-mkm71ou67fgkdd","https://down-id.img.susercontent.com/file/id-11134258-82250-mkvvn2x0joqodc","EIGER BEDROCK 2.0 SHORTPANTS","374.000","-4%","https://deo.shopeemobile.com/shopee/modules-federation/live/0/shopee__item-card-centralisation/0.1.11/pc/b4d1b8a78b3621dbdf4a.svg","Pilih Lokal","5.0","16 terjual"
"https://shopee.co.id/EIGER-WOMEN-X-BROAD-T-SHIRT-i.19260065.23316540431?extraParams=%7B%22display_model_id%22%3A197717567485%2C%22model_selection_logic%22%3A3%7D","https://down-id.img.susercontent.com/file/id-11134207-8224q-mkjbvt7dgl5001","https://down-id.img.susercontent.com/file/id-11134258-82250-mkvvn2x0joqodc","EIGER WOMEN X BROAD T-SHIRT","154.000","-3%","https://deo.shopeemobile.com/shopee/modules-federation/live/0/shopee__item-card-centralisation/0.1.11/pc/b4d1b8a78b3621dbdf4a.svg","Pilih Lokal","4.9","384 terjual"
"https://shopee.co.id/EIGER-QUESTER-FREEWALK-1.0-PANTS-i.19260065.20367430353?extraParams=%7B%22display_model_id%22%3A193473860356%2C%22model_selection_logic%22%3A3%7D","https://down-id.img.susercontent.com/file/sg-11134201-22120-urbcceijmtkv89","https://down-id.img.susercontent.com/file/id-11134258-82250-mkvvn2x0joqodc","EIGER QUESTER FREEWALK 1.0 PANTS","400.200","-23%","https://deo.shopeemobile.com/shopee/modules-federation/live/0/shopee__item-card-centralisation/0.1.11/pc/b4d1b8a78b3621dbdf4a.svg","Pilih Lokal","4.9","146 terjual"
"https://shopee.co.id/EIGER-X-EQUITATIO-POLO-SHIRT-i.19260065.55102127924?extraParams=%7B%22display_model_id%22%3A415207577790%2C%22model_selection_logic%22%3A3%7D","https://down-id.img.susercontent.com/file/id-11134207-82250-mhiieweb29l23c","https://down-id.img.susercontent.com/file/id-11134258-82250-mkvvn2x0joqodc","EIGER X-EQUITATIO POLO SHIRT","244.000","-2%","https://deo.shopeemobile.com/shopee/modules-federation/live/0/shopee__item-card-centralisation/0.1.11/pc/b4d1b8a78b3621dbdf4a.svg","Pilih Lokal","5.0","167 terjual"
"https://shopee.co.id/EIGER-C.1989-FREE-WAY-PANTS-i.19260065.6878484268?extraParams=%7B%22display_model_id%22%3A90823200074%2C%22model_selection_logic%22%3A3%7D","https://down-id.img.susercontent.com/file/429c35be227b6d2eea7e7021064078ae","https://down-id.img.susercontent.com/file/id-11134258-82250-mkvvn2x0joqodc","EIGER C.1989 FREE WAY PANTS","330.200","-21%","https://deo.shopeemobile.com/shopee/modules-federation/live/0/shopee__item-card-centralisation/0.1.11/pc/b4d1b8a78b3621dbdf4a.svg","Pilih Lokal","4.9","450 terjual"
"https://shopee.co.id/EIGER-CRANIUM-SHIRT-4.0-i.19260065.14658495235?extraParams=%7B%22display_model_id%22%3A415861994883%2C%22model_selection_logic%22%3A3%7D","https://down-id.img.susercontent.com/file/id-11134207-822wq-mno6o362ghs0f5","https://down-id.img.susercontent.com/file/id-11134258-82250-mkvvn2x0joqodc","EIGER CRANIUM SHIRT 4.0","414.000","-3%","https://deo.shopeemobile.com/shopee/modules-federation/live/0/shopee__item-card-centralisation/0.1.11/pc/b4d1b8a78b3621dbdf4a.svg","Pilih Lokal","4.9","822 terjual"
"https://shopee.co.id/EIGER-CROSSTOWN-SHORT-PANTS-i.19260065.55251766483?extraParams=%7B%22display_model_id%22%3A287177311932%2C%22model_selection_logic%22%3A3%7D","https://down-id.img.susercontent.com/file/id-11134207-8224z-mha0a7r91jwt4f","https://down-id.img.susercontent.com/file/id-11134258-82250-mkvvn2x0joqodc","EIGER CROSSTOWN SHORT PANTS","281.300","-31%","https://deo.shopeemobile.com/shopee/modules-federation/live/0/shopee__item-card-centralisation/0.1.11/pc/b4d1b8a78b3621dbdf4a.svg","Pilih Lokal","5.0","38 terjual"
"https://shopee.co.id/EIGER-TOWSEND-1.0-SHIRT-i.19260065.41457259708?extraParams=%7B%22display_model_id%22%3A234334193111%2C%22model_selection_logic%22%3A3%7D","https://down-id.img.susercontent.com/file/id-11134207-7ra0o-mbrl6xjxyhbn9d","https://down-id.img.susercontent.com/file/id-11134258-82250-mkvvn2x0joqodc","EIGER TOWSEND 1.0 SHIRT","414.000","-3%","https://deo.shopeemobile.com/shopee/modules-federation/live/0/shopee__item-card-centralisation/0.1.11/pc/b4d1b8a78b3621dbdf4a.svg","Pilih Lokal","4.9","176 terjual"
"https://shopee.co.id/EIGER-MILHAWK-WORKSHIRT-SS-i.19260065.27080662021?extraParams=%7B%22display_model_id%22%3A147751710303%2C%22model_selection_logic%22%3A3%7D","https://down-id.img.susercontent.com/file/id-11134207-7rbk4-m7q6k78yqtohfd","https://down-id.img.susercontent.com/file/id-11134258-82250-mkvvn2x0joqodc","EIGER MILHAWK WORKSHIRT SS","394.000","-4%","https://deo.shopeemobile.com/shopee/modules-federation/live/0/shopee__item-card-centralisation/0.1.11/pc/b4d1b8a78b3621dbdf4a.svg","Pilih Lokal","4.9","63 terjual"
"https://shopee.co.id/EIGER-X-BIALOWIEZA-POLO-SHIRT-SS-i.19260065.25856745167?extraParams=%7B%22display_model_id%22%3A240176492185%2C%22model_selection_logic%22%3A3%7D","https://down-id.img.susercontent.com/file/id-11134207-7r98t-lq47kj2unevafd","https://down-id.img.susercontent.com/file/id-11134258-82250-mkvvn2x0joqodc","EIGER X-BIALOWIEZA POLO SHIRT SS","294.000","-2%","https://deo.shopeemobile.com/shopee/modules-federation/live/0/shopee__item-card-centralisation/0.1.11/pc/b4d1b8a78b3621dbdf4a.svg","Pilih Lokal","4.9","286 terjual"
"https://shopee.co.id/EIGER-MALVALES-BASIC-PANTS-i.19260065.54355001997?extraParams=%7B%22display_model_id%22%3A335461649809%2C%22model_selection_logic%22%3A3%7D","https://down-id.img.susercontent.com/file/id-11134207-8224q-mjqpd8m6bthhc6","https://down-id.img.susercontent.com/file/id-11134258-82250-mkvvn2x0joqodc","EIGER MALVALES BASIC PANTS","434.000","-3%","https://deo.shopeemobile.com/shopee/modules-federation/live/0/shopee__item-card-centralisation/0.1.11/pc/b4d1b8a78b3621dbdf4a.svg","Pilih Lokal","5.0","59 terjual"
"https://shopee.co.id/EIGER-TILIQUA-SS-SHIRT-i.19260065.52856403861?extraParams=%7B%22display_model_id%22%3A272418030904%2C%22model_selection_logic%22%3A3%7D","https://down-id.img.susercontent.com/file/id-11134207-8224x-ml4eopfovz7k39","https://down-id.img.susercontent.com/file/id-11134258-82250-mkvvn2x0joqodc","EIGER TILIQUA SS SHIRT","444.000","-3%","https://deo.shopeemobile.com/shopee/modules-federation/live/0/shopee__item-card-centralisation/0.1.11/pc/b4d1b8a78b3621dbdf4a.svg","Pilih Lokal","4.8","19 terjual"
"https://shopee.co.id/EIGER-WOMEN-AUTRA-INSULATED-VEST-i.19260065.24191380596?extraParams=%7B%22display_model_id%22%3A252628971999%2C%22model_selection_logic%22%3A3%7D","https://down-id.img.susercontent.com/file/id-11134207-7rbkd-m669yuegexq8e8","https://down-id.img.susercontent.com/file/id-11134258-82250-mkvvn2x0joqodc","EIGER WOMEN AUTRA INSULATED VEST","434.000","-3%","https://deo.shopeemobile.com/shopee/modules-federation/live/0/shopee__item-card-centralisation/0.1.11/pc/b4d1b8a78b3621dbdf4a.svg","Pilih Lokal","4.9","118 terjual"
"https://shopee.co.id/EIGER-OBSIDIAN-STAND-COLLAR-SS-SHIRT-i.19260065.42404378729?extraParams=%7B%22display_model_id%22%3A290371395312%2C%22model_selection_logic%22%3A3%7D","https://down-id.img.susercontent.com/file/id-11134207-7rbk0-maxugmcaq7rqd0","https://down-id.img.susercontent.com/file/id-11134258-82250-mkvvn2x0joqodc","EIGER OBSIDIAN STAND COLLAR SS SHIRT","274.200","-21%","https://deo.shopeemobile.com/shopee/modules-federation/live/0/shopee__item-card-centralisation/0.1.11/pc/b4d1b8a78b3621dbdf4a.svg","Pilih Lokal","4.9","158 terjual"
"https://shopee.co.id/EIGER-X-COARSE-PANTS-i.19260065.4085487170?extraParams=%7B%22display_model_id%22%3A54803677619%2C%22model_selection_logic%22%3A3%7D","https://down-id.img.susercontent.com/file/1ee90ebeaa6205604cdb2231adf6610f","https://down-id.img.susercontent.com/file/id-11134258-82250-mkvvn2x0joqodc","EIGER X-COARSE PANTS","514.000","-5%","https://deo.shopeemobile.com/shopee/modules-federation/live/0/shopee__item-card-centralisation/0.1.11/pc/b4d1b8a78b3621dbdf4a.svg","Pilih Lokal","4.9","501 terjual"
"https://shopee.co.id/EIGER-ARTIC-2.0-XT-SHORTS-i.19260065.49553190752?extraParams=%7B%22display_model_id%22%3A370304938948%2C%22model_selection_logic%22%3A3%7D","https://down-id.img.susercontent.com/file/id-11134207-8224v-mibdwo21ophk72","https://down-id.img.susercontent.com/file/id-11134258-82250-mkvvn2x0joqodc","EIGER ARTIC 2.0 XT SHORTS","304.000","-2%","https://deo.shopeemobile.com/shopee/modules-federation/live/0/shopee__item-card-centralisation/0.1.11/pc/b4d1b8a78b3621dbdf4a.svg","Pilih Lokal","5.0","104 terjual"
"https://shopee.co.id/EIGER-WOMEN-VANASEEKER-PANTS-1.0-i.19260065.51604655517?extraParams=%7B%22display_model_id%22%3A360431899567%2C%22model_selection_logic%22%3A3%7D","https://down-id.img.susercontent.com/file/id-11134207-8224s-mjgklayxq41y8c","https://down-id.img.susercontent.com/file/id-11134258-82250-mkvvn2x0joqodc","EIGER WOMEN VANASEEKER PANTS 1.0","514.000","-5%","https://deo.shopeemobile.com/shopee/modules-federation/live/0/shopee__item-card-centralisation/0.1.11/pc/b4d1b8a78b3621dbdf4a.svg","Pilih Lokal","5.0","31 terjual"
"https://shopee.co.id/EIGER-X-BANSKA-POLOSHIRT-LS-i.19260065.41969594989?extraParams=%7B%22display_model_id%22%3A128417202993%2C%22model_selection_logic%22%3A3%7D","https://down-id.img.susercontent.com/file/id-11134207-81ztm-mes2jv2zfh8g60","https://down-id.img.susercontent.com/file/id-11134258-82250-mkvvn2x0joqodc","EIGER X- BANSKA POLOSHIRT LS","242.200","-22%","https://deo.shopeemobile.com/shopee/modules-federation/live/0/shopee__item-card-centralisation/0.1.11/pc/b4d1b8a78b3621dbdf4a.svg","Pilih Lokal","5.0","25 terjual"
"https://shopee.co.id/EIGER-BENTAYAN-HARRINGTON-JACKET-i.19260065.22752771190?extraParams=%7B%22display_model_id%22%3A214623634739%2C%22model_selection_logic%22%3A3%7D","https://down-id.img.susercontent.com/file/id-11134207-7r98o-lkyx2crdfurj17","https://down-id.img.susercontent.com/file/id-11134258-82250-mkvvn2x0joqodc","EIGER BENTAYAN HARRINGTON JACKET","604.000","-4%","https://deo.shopeemobile.com/shopee/modules-federation/live/0/shopee__item-card-centralisation/0.1.11/pc/b4d1b8a78b3621dbdf4a.svg","Pilih Lokal","4.9","543 terjual"
"https://shopee.co.id/EIGER-X-BAKU-LS-T-SHIRT-i.19260065.27939844676?extraParams=%7B%22display_model_id%22%3A301074469292%2C%22model_selection_logic%22%3A3%7D","https://down-id.img.susercontent.com/file/id-11134207-7ra0g-mdeid3f67c8kb9","https://down-id.img.susercontent.com/file/id-11134258-82250-mkvvn2x0joqodc","EIGER X-BAKU LS T-SHIRT","192.100","-12%","https://deo.shopeemobile.com/shopee/modules-federation/live/0/shopee__item-card-centralisation/0.1.11/pc/b4d1b8a78b3621dbdf4a.svg","Pilih Lokal","5.0","167 terjual"
"https://shopee.co.id/EIGER-K.-STRUIK-1989-SHIRT-i.19260065.9213737468?extraParams=%7B%22display_model_id%22%3A29509932767%2C%22model_selection_logic%22%3A3%7D","https://down-id.img.susercontent.com/file/cfc16dd9488286d0d7c0742c4369f563","https://down-id.img.susercontent.com/file/id-11134258-82250-mkvvn2x0joqodc","EIGER K. STRUIK 1989 SHIRT","404.000","-4%","https://deo.shopeemobile.com/shopee/modules-federation/live/0/shopee__item-card-centralisation/0.1.11/pc/b4d1b8a78b3621dbdf4a.svg","Pilih Lokal","4.9","1RB+ terjual"
"https://shopee.co.id/EIGER-ACT-FUNFUSION-MEN-JACKET-i.19260065.44250943948?extraParams=%7B%22display_model_id%22%3A119501140801%2C%22model_selection_logic%22%3A3%7D","https://down-id.img.susercontent.com/file/id-11134207-7rbk4-m9ylsxgccvvib5","https://down-id.img.susercontent.com/file/id-11134258-82250-mkvvn2x0joqodc","EIGER ACT FUNFUSION MEN JACKET","674.000","-4%","https://deo.shopeemobile.com/shopee/modules-federation/live/0/shopee__item-card-centralisation/0.1.11/pc/b4d1b8a78b3621dbdf4a.svg","Pilih Lokal","5.0","129 terjual"
"https://shopee.co.id/EIGER-JR-MOORLAND-ACTIVE-SS-TEES-i.19260065.29905722684?extraParams=%7B%22display_model_id%22%3A296952283576%2C%22model_selection_logic%22%3A3%7D","https://down-id.img.susercontent.com/file/id-11134207-822wk-mnv2b72dd53ad7","https://down-id.img.susercontent.com/file/id-11134258-82250-mkvvn2x0joqodc","EIGER JR MOORLAND ACTIVE SS TEES","139.000","","","Pilih Lokal","5.0","40 terjual"
"https://shopee.co.id/EIGER-WOMEN-CRUX-ROUTE-PANTS-i.19260065.57905760757?extraParams=%7B%22display_model_id%22%3A385520599965%2C%22model_selection_logic%22%3A3%7D","https://down-id.img.susercontent.com/file/id-11134207-8224r-mk93ln8axm2pf8","https://down-id.img.susercontent.com/file/id-11134258-82250-mkvvn2x0joqodc","EIGER WOMEN CRUX ROUTE PANTS","330.300","-31%","https://deo.shopeemobile.com/shopee/modules-federation/live/0/shopee__item-card-centralisation/0.1.11/pc/b4d1b8a78b3621dbdf4a.svg","Pilih Lokal","4.8","23 terjual"
"https://shopee.co.id/EIGER-XLEGER-VEST-2.0-i.19260065.52202251792?extraParams=%7B%22display_model_id%22%3A365217981603%2C%22model_selection_logic%22%3A3%7D","https://down-id.img.susercontent.com/file/id-11134207-8224w-mhlcmsh9mr5u24","https://down-id.img.susercontent.com/file/id-11134258-82250-mkvvn2x0joqodc","EIGER XLEGER VEST 2.0","484.000","-5%","https://deo.shopeemobile.com/shopee/modules-federation/live/0/shopee__item-card-centralisation/0.1.11/pc/b4d1b8a78b3621dbdf4a.svg","Pilih Lokal","5.0","85 terjual"
"https://shopee.co.id/EIGER-WS-KAUWELA-SS-GRAPHIC-TEES-i.19260065.29817621455?extraParams=%7B%22display_model_id%22%3A158885280929%2C%22model_selection_logic%22%3A3%7D","https://down-id.img.susercontent.com/file/id-11134207-7rasj-m2ktpeyz75qcbb","https://down-id.img.susercontent.com/file/id-11134258-82250-mkvvn2x0joqodc","EIGER WS KAUWELA SS GRAPHIC TEES","194.000","-3%","https://deo.shopeemobile.com/shopee/modules-federation/live/0/shopee__item-card-centralisation/0.1.11/pc/b4d1b8a78b3621dbdf4a.svg","Pilih Lokal","4.9","113 terjual"
"https://shopee.co.id/EIGER-X-TAC-RAPID-POLO-SHIRTS-CT-i.19260065.57303270429?extraParams=%7B%22display_model_id%22%3A320313994164%2C%22model_selection_logic%22%3A3%7D","https://down-id.img.susercontent.com/file/id-11134207-8224z-mie05jl0wi6fe4","https://down-id.img.susercontent.com/file/id-11134258-82250-mkvvn2x0joqodc","EIGER X TAC RAPID POLO SHIRTS CT","344.640","-4%","https://deo.shopeemobile.com/shopee/modules-federation/live/0/shopee__item-card-centralisation/0.1.11/pc/b4d1b8a78b3621dbdf4a.svg","Pilih Lokal","4.9","41 terjual"
"https://shopee.co.id/EIGER-TILIQUA-LS-SHIRT-i.19260065.52506254342?extraParams=%7B%22display_model_id%22%3A400567417625%2C%22model_selection_logic%22%3A3%7D","https://down-id.img.susercontent.com/file/id-11134207-8224u-mkumc8d85tdxf7","https://down-id.img.susercontent.com/file/id-11134258-82250-mkvvn2x0joqodc","EIGER TILIQUA LS SHIRT","514.000","-5%","https://deo.shopeemobile.com/shopee/modules-federation/live/0/shopee__item-card-centralisation/0.1.11/pc/b4d1b8a78b3621dbdf4a.svg","Pilih Lokal","4.8","12 terjual"
"https://shopee.co.id/EIGER-WOMEN-BOUCLE-VEST-i.19260065.56105849954?extraParams=%7B%22display_model_id%22%3A310530125016%2C%22model_selection_logic%22%3A3%7D","https://down-id.img.susercontent.com/file/id-11134207-8224u-mkcae5hqgtmw0f","https://down-id.img.susercontent.com/file/id-11134258-82250-mkvvn2x0joqodc","EIGER WOMEN BOUCLE VEST","444.000","-3%","https://deo.shopeemobile.com/shopee/modules-federation/live/0/shopee__item-card-centralisation/0.1.11/pc/b4d1b8a78b3621dbdf4a.svg","Pilih Lokal","5.0","5 terjual"
"https://shopee.co.id/EIGER-ACT-SOFTSENSE-CAPRI-WOMEN-LEGGING-PANTS-i.19260065.53260094211?extraParams=%7B%22display_model_id%22%3A335888197996%2C%22model_selection_logic%22%3A3%7D","https://down-id.img.susercontent.com/file/id-11134207-822wj-mny1gbcya68682","https://down-id.img.susercontent.com/file/id-11134258-8224z-mkvwcf6270g1ad","EIGER ACT SOFTSENSE CAPRI WOMEN LEGGING PANTS","344.000","-1%","https://deo.shopeemobile.com/shopee/modules-federation/live/0/shopee__item-card-centralisation/0.1.11/pc/b4d1b8a78b3621dbdf4a.svg","Produk Baru","4.9 Penilaian Toko",""
"https://shopee.co.id/EIGER-ETHNO-SHIRT-LS-i.19260065.24865655513?extraParams=%7B%22display_model_id%22%3A232545524785%2C%22model_selection_logic%22%3A3%7D","https://down-id.img.susercontent.com/file/id-11134207-7r98w-ltgempdz99mq2c","https://down-id.img.susercontent.com/file/id-11134258-82250-mkvvn2x0joqodc","EIGER ETHNO SHIRT LS","295.300","-31%","https://deo.shopeemobile.com/shopee/modules-federation/live/0/shopee__item-card-centralisation/0.1.11/pc/b4d1b8a78b3621dbdf4a.svg","Pilih Lokal","4.9","661 terjual"
"https://shopee.co.id/EIGER-STINGER-TACTICAL-POLO-SS-i.19260065.27517218202?extraParams=%7B%22display_model_id%22%3A207965125063%2C%22model_selection_logic%22%3A3%7D","https://down-id.img.susercontent.com/file/id-11134207-7rase-m2g4pfmt6b1wc2","https://down-id.img.susercontent.com/file/id-11134258-82250-mkvvn2x0joqodc","EIGER STINGER TACTICAL POLO SS","314.000","-2%","https://deo.shopeemobile.com/shopee/modules-federation/live/0/shopee__item-card-centralisation/0.1.11/pc/b4d1b8a78b3621dbdf4a.svg","Pilih Lokal","4.9","174 terjual"
"https://shopee.co.id/EIGER-STRIPE-RIDE-2.0-T-SHIRT-i.19260065.42358545368?extraParams=%7B%22display_model_id%22%3A300719053367%2C%22model_selection_logic%22%3A3%7D","https://down-id.img.susercontent.com/file/id-11134207-7ra0j-mc79rfs9caplff","https://down-id.img.susercontent.com/file/id-11134258-82250-mkvvn2x0joqodc","EIGER STRIPE RIDE 2.0 T-SHIRT","254.000","-2%","https://deo.shopeemobile.com/shopee/modules-federation/live/0/shopee__item-card-centralisation/0.1.11/pc/b4d1b8a78b3621dbdf4a.svg","Pilih Lokal","4.9","73 terjual"
"https://shopee.co.id/EIGER-ACT-ALL-DAY-ACT-WOMEN-LS-T-SHIRT-i.19260065.42500934792?extraParams=%7B%22display_model_id%22%3A253421770827%2C%22model_selection_logic%22%3A3%7D","https://down-id.img.susercontent.com/file/id-11134207-7rbk4-m9ydbpem2p6jd5","https://down-id.img.susercontent.com/file/id-11134258-82250-mkvvn2x0joqodc","EIGER ACT ALL DAY ACT WOMEN LS T-SHIRT","254.000","-2%","https://deo.shopeemobile.com/shopee/modules-federation/live/0/shopee__item-card-centralisation/0.1.11/pc/b4d1b8a78b3621dbdf4a.svg","Pilih Lokal","5.0","90 terjual"
"https://shopee.co.id/EIGER-NORRIS-FLANNEL-SHIRT-i.19260065.26267704924?extraParams=%7B%22display_model_id%22%3A207978741455%2C%22model_selection_logic%22%3A3%7D","https://down-id.img.susercontent.com/file/id-11134207-7ras9-m2m6d1ocdpwyc4","https://down-id.img.susercontent.com/file/id-11134258-82250-mkvvn2x0joqodc","EIGER NORRIS FLANNEL SHIRT","302.300","-31%","https://deo.shopeemobile.com/shopee/modules-federation/live/0/shopee__item-card-centralisation/0.1.11/pc/b4d1b8a78b3621dbdf4a.svg","Pilih Lokal","4.9","185 terjual"
"https://shopee.co.id/EIGER-WOMEN-ALOE-LS-TEE-i.19260065.25297811200?extraParams=%7B%22display_model_id%22%3A365265126881%2C%22model_selection_logic%22%3A3%7D","https://down-id.img.susercontent.com/file/id-11134207-8224x-mhzjhrf66m83fa","https://down-id.img.susercontent.com/file/id-11134258-82250-mkvvn2x0joqodc","EIGER WOMEN ALOE LS TEE","214.000","-2%","https://deo.shopeemobile.com/shopee/modules-federation/live/0/shopee__item-card-centralisation/0.1.11/pc/b4d1b8a78b3621dbdf4a.svg","Pilih Lokal","5.0","66 terjual"
"https://shopee.co.id/EIGER-SHOREA-5''-SHORTS-RUNNING-i.19260065.46655009936?extraParams=%7B%22display_model_id%22%3A420461101222%2C%22model_selection_logic%22%3A3%7D","https://down-id.img.susercontent.com/file/id-11134207-8224w-mjqj9ai1dzwjbc","https://down-id.img.susercontent.com/file/id-11134258-82250-mkvvn2x0joqodc","EIGER SHOREA 5'' SHORTS RUNNING","264.000","-2%","https://deo.shopeemobile.com/shopee/modules-federation/live/0/shopee__item-card-centralisation/0.1.11/pc/b4d1b8a78b3621dbdf4a.svg","Pilih Lokal","4.9","28 terjual"
"https://shopee.co.id/EIGER-HONALO-SS-SHIRT-1.0-i.19260065.47907702708?extraParams=%7B%22display_model_id%22%3A385682968549%2C%22model_selection_logic%22%3A3%7D","https://down-id.img.susercontent.com/file/id-11134207-822wq-mm8mot7fppfnb3","https://down-id.img.susercontent.com/file/id-11134258-82250-mkvvn2x0joqodc","EIGER HONALO SS SHIRT 1.0","344.640","-4%","https://deo.shopeemobile.com/shopee/modules-federation/live/0/shopee__item-card-centralisation/0.1.11/pc/b4d1b8a78b3621dbdf4a.svg","Pilih Lokal","5.0","69 terjual"
"https://shopee.co.id/EIGER-ACT-ALL-DAY-ACT-MEN-LS-T-SHIRT-i.19260065.43850939224?extraParams=%7B%22display_model_id%22%3A260075861517%2C%22model_selection_logic%22%3A3%7D","https://down-id.img.susercontent.com/file/id-11134207-7rbk2-m9y9t9xaf4f129","https://down-id.img.susercontent.com/file/id-11134258-82250-mkvvn2x0joqodc","EIGER ACT ALL DAY ACT MEN LS T-SHIRT","274.000","-2%","https://deo.shopeemobile.com/shopee/modules-federation/live/0/shopee__item-card-centralisation/0.1.11/pc/b4d1b8a78b3621dbdf4a.svg","Pilih Lokal","4.9","83 terjual"
"https://shopee.co.id/EIGER-WS-KAUWELA-SAFARI-SHIRT-i.19260065.26417619854?extraParams=%7B%22display_model_id%22%3A247029342754%2C%22model_selection_logic%22%3A3%7D","https://down-id.img.susercontent.com/file/id-11134207-7rask-m2ktpf0d7xlh2b","https://down-id.img.susercontent.com/file/id-11134258-82250-mkvvn2x0joqodc","EIGER WS KAUWELA SAFARI SHIRT","344.640","-4%","https://deo.shopeemobile.com/shopee/modules-federation/live/0/shopee__item-card-centralisation/0.1.11/pc/b4d1b8a78b3621dbdf4a.svg","Pilih Lokal","5.0","92 terjual"
"https://shopee.co.id/EIGER-GEOLINE-T-SHIRT-LS-i.19260065.56506678527?extraParams=%7B%22display_model_id%22%3A415600901098%2C%22model_selection_logic%22%3A3%7D","https://down-id.img.susercontent.com/file/id-11134207-822wk-mld8zr6xcmwxe9","https://down-id.img.susercontent.com/file/id-11134258-82250-mkvvn2x0joqodc","EIGER GEOLINE T-SHIRT LS","244.000","-2%","https://deo.shopeemobile.com/shopee/modules-federation/live/0/shopee__item-card-centralisation/0.1.11/pc/b4d1b8a78b3621dbdf4a.svg","Pilih Lokal","5.0","40 terjual"
"https://shopee.co.id/EIGER-LINX-JACKET-2.0-i.19260065.15557245018?extraParams=%7B%22display_model_id%22%3A256215170658%2C%22model_selection_logic%22%3A3%7D","https://down-id.img.susercontent.com/file/1ab3e795b8dc1ea37ad112693a085aac","https://down-id.img.susercontent.com/file/id-11134258-82250-mkvvn2x0joqodc","EIGER LINX JACKET 2.0","324.400","-41%","https://deo.shopeemobile.com/shopee/modules-federation/live/0/shopee__item-card-centralisation/0.1.11/pc/b4d1b8a78b3621dbdf4a.svg","Pilih Lokal","4.9","515 terjual"
"https://shopee.co.id/EIGER-CARDENAZ-LS-SHIRT-1.0-i.19260065.42978196423?extraParams=%7B%22display_model_id%22%3A159342169857%2C%22model_selection_logic%22%3A3%7D","https://down-id.img.susercontent.com/file/id-11134207-8224r-mjqti94tihvn5c","https://down-id.img.susercontent.com/file/id-11134258-82250-mkvvn2x0joqodc","EIGER CARDENAZ LS SHIRT 1.0","414.000","-3%","https://deo.shopeemobile.com/shopee/modules-federation/live/0/shopee__item-card-centralisation/0.1.11/pc/b4d1b8a78b3621dbdf4a.svg","Pilih Lokal","5.0","66 terjual"
"https://shopee.co.id/EIGER-TANGALE-STRAP-BELT-PANTS-i.19260065.56808995840?extraParams=%7B%22display_model_id%22%3A287545319991%2C%22model_selection_logic%22%3A3%7D","https://down-id.img.susercontent.com/file/id-11134207-822wj-mn5ftvisklxc9a","https://down-id.img.susercontent.com/file/id-11134258-82250-mkvvn2x0joqodc","EIGER TANGALE STRAP BELT PANTS","454.000","-3%","https://deo.shopeemobile.com/shopee/modules-federation/live/0/shopee__item-card-centralisation/0.1.11/pc/b4d1b8a78b3621dbdf4a.svg","Pilih Lokal","5.0","10 terjual"
"https://shopee.co.id/EIGER-BENTAYAN-SS-SHIRT-i.19260065.22875099105?extraParams=%7B%22display_model_id%22%3A176013659797%2C%22model_selection_logic%22%3A3%7D","https://down-id.img.susercontent.com/file/id-11134207-7rbkd-m7a6s4vbe2l197","https://down-id.img.susercontent.com/file/id-11134258-82250-mkvvn2x0joqodc","EIGER BENTAYAN SS SHIRT","344.000","-1%","https://deo.shopeemobile.com/shopee/modules-federation/live/0/shopee__item-card-centralisation/0.1.11/pc/b4d1b8a78b3621dbdf4a.svg","Pilih Lokal","4.9","578 terjual"
"https://shopee.co.id/EIGER-OUTLAND-X28-PRO-PANTS-i.19260065.16531085488?extraParams=%7B%22display_model_id%22%3A171223874204%2C%22model_selection_logic%22%3A3%7D","https://down-id.img.susercontent.com/file/id-11134207-7ra0q-mdfn3s20h6mje3","https://down-id.img.susercontent.com/file/id-11134258-82250-mkvvn2x0joqodc","EIGER OUTLAND X28 PRO PANTS","494.000","-5%","https://deo.shopeemobile.com/shopee/modules-federation/live/0/shopee__item-card-centralisation/0.1.11/pc/b4d1b8a78b3621dbdf4a.svg","Pilih Lokal","4.9","902 terjual"
"https://shopee.co.id/EIGER-ATTACK-TRAINER-SHORTS-i.19260065.27659127206?extraParams=%7B%22display_model_id%22%3A195341508498%2C%22model_selection_logic%22%3A3%7D","https://down-id.img.susercontent.com/file/id-11134207-7r990-lze8a7mnvmeg1a","https://down-id.img.susercontent.com/file/id-11134258-82250-mkvvn2x0joqodc","EIGER ATTACK TRAINER SHORTS","274.300","-31%","https://deo.shopeemobile.com/shopee/modules-federation/live/0/shopee__item-card-centralisation/0.1.11/pc/b4d1b8a78b3621dbdf4a.svg","Pilih Lokal","5.0","111 terjual"
"https://shopee.co.id/EIGER-KALIMARA-CONV-CARGO-PANTS-i.19260065.45705027371?extraParams=%7B%22display_model_id%22%3A292350684044%2C%22model_selection_logic%22%3A3%7D","https://down-id.img.susercontent.com/file/id-11134207-8224s-mjqraiu5gwzm79","https://down-id.img.susercontent.com/file/id-11134258-82250-mkvvn2x0joqodc","EIGER KALIMARA CONV CARGO PANTS","424.000","-3%","https://deo.shopeemobile.com/shopee/modules-federation/live/0/shopee__item-card-centralisation/0.1.11/pc/b4d1b8a78b3621dbdf4a.svg","Pilih Lokal","5.0","61 terjual"
"https://shopee.co.id/EIGER-WOMEN-MORELLA-FISHERMAN-VEST-i.19260065.46852769672?extraParams=%7B%22display_model_id%22%3A380266133992%2C%22model_selection_logic%22%3A3%7D","https://down-id.img.susercontent.com/file/id-11134207-8224y-mhzx149wucqs10","https://down-id.img.susercontent.com/file/id-11134258-82250-mkvvn2x0joqodc","EIGER WOMEN MORELLA FISHERMAN VEST","424.000","-3%","https://deo.shopeemobile.com/shopee/modules-federation/live/0/shopee__item-card-centralisation/0.1.11/pc/b4d1b8a78b3621dbdf4a.svg","Pilih Lokal","5.0","73 terjual"
"https://shopee.co.id/EIGER-MORTY-SS-POLO-SHIRT-i.19260065.51304392241?extraParams=%7B%22display_model_id%22%3A400411788928%2C%22model_selection_logic%22%3A3%7D","https://down-id.img.susercontent.com/file/id-11134207-8224t-mj9kkwh7q9zac4","https://down-id.img.susercontent.com/file/id-11134258-82250-mkvvn2x0joqodc","EIGER MORTY SS POLO SHIRT","324.000","-2%","https://deo.shopeemobile.com/shopee/modules-federation/live/0/shopee__item-card-centralisation/0.1.11/pc/b4d1b8a78b3621dbdf4a.svg","Pilih Lokal","4.9","106 terjual"
"https://shopee.co.id/EIGER-WS-VARSHA-REVERSIBLE-JACKET-i.19260065.24764643429?extraParams=%7B%22display_model_id%22%3A240359834332%2C%22model_selection_logic%22%3A3%7D","https://down-id.img.susercontent.com/file/id-11134207-822wu-mm9u9gx6cgeb08","https://down-id.img.susercontent.com/file/id-11134258-82250-mkvvn2x0joqodc","EIGER WS VARSHA REVERSIBLE JACKET","624.000","-4%","https://deo.shopeemobile.com/shopee/modules-federation/live/0/shopee__item-card-centralisation/0.1.11/pc/b4d1b8a78b3621dbdf4a.svg","Pilih Lokal","4.9","194 terjual"
"https://shopee.co.id/EIGER-WS-VANASEEKER-SHORTS-i.19260065.20637928449?extraParams=%7B%22display_model_id%22%3A88171285497%2C%22model_selection_logic%22%3A3%7D","https://down-id.img.susercontent.com/file/a55f870585a75d59e71a4e574b3cf04a","https://down-id.img.susercontent.com/file/id-11134258-82250-mkvvn2x0joqodc","EIGER WS VANASEEKER SHORTS","290.200","-21%","https://deo.shopeemobile.com/shopee/modules-federation/live/0/shopee__item-card-centralisation/0.1.11/pc/b4d1b8a78b3621dbdf4a.svg","Pilih Lokal","4.9","112 terjual"
"https://shopee.co.id/EIGER-ECHO-BOMBER-JACKET-i.19260065.28016713574?extraParams=%7B%22display_model_id%22%3A251964599276%2C%22model_selection_logic%22%3A3%7D","https://down-id.img.susercontent.com/file/id-11134207-7rasb-m29bqu21kol06d","https://down-id.img.susercontent.com/file/id-11134258-82250-mkvvn2x0joqodc","EIGER ECHO BOMBER JACKET","474.300","-32%","https://deo.shopeemobile.com/shopee/modules-federation/live/0/shopee__item-card-centralisation/0.1.11/pc/b4d1b8a78b3621dbdf4a.svg","Pilih Lokal","4.9","157 terjual"
"https://shopee.co.id/EIGER-SAFAR-SHIRT-SS-i.19260065.42425133248?extraParams=%7B%22display_model_id%22%3A292037687991%2C%22model_selection_logic%22%3A3%7D","https://down-id.img.susercontent.com/file/id-11134207-8224z-mg1rsp8te5fvce","https://down-id.img.susercontent.com/file/id-11134258-82250-mkvvn2x0joqodc","EIGER SAFAR SHIRT SS","314.000","-2%","https://deo.shopeemobile.com/shopee/modules-federation/live/0/shopee__item-card-centralisation/0.1.11/pc/b4d1b8a78b3621dbdf4a.svg","Pilih Lokal","4.9","72 terjual"
"https://shopee.co.id/EIGER-MENS-X-BALLISTIC-SS-SHIRT-i.19260065.24135734039?extraParams=%7B%22display_model_id%22%3A69810728538%2C%22model_selection_logic%22%3A3%7D","https://down-id.img.susercontent.com/file/id-11134207-7r98y-lzufx8r65vs0a8","https://down-id.img.susercontent.com/file/id-11134258-82250-mkvvn2x0joqodc","EIGER MENS X-BALLISTIC SS SHIRT","494.000","-5%","https://deo.shopeemobile.com/shopee/modules-federation/live/0/shopee__item-card-centralisation/0.1.11/pc/b4d1b8a78b3621dbdf4a.svg","Pilih Lokal","4.9","161 terjual"
"https://shopee.co.id/EIGER-WOMEN-TOWNSEND-SHIRT-i.19260065.51205444205?extraParams=%7B%22display_model_id%22%3A320495943390%2C%22model_selection_logic%22%3A3%7D","https://down-id.img.susercontent.com/file/id-11134207-8224v-mk0ntbpwntabba","https://down-id.img.susercontent.com/file/id-11134258-82250-mkvvn2x0joqodc","EIGER WOMEN TOWNSEND SHIRT","424.000","-3%","https://deo.shopeemobile.com/shopee/modules-federation/live/0/shopee__item-card-centralisation/0.1.11/pc/b4d1b8a78b3621dbdf4a.svg","Pilih Lokal","5.0","57 terjual"
"https://shopee.co.id/EIGER-WOMEN-TRACES-DE-ROUES-SS-TEE-i.19260065.41370547552?extraParams=%7B%22display_model_id%22%3A301678548254%2C%22model_selection_logic%22%3A3%7D","https://down-id.img.susercontent.com/file/id-11134207-81ztn-mey0nsb7s5xe8f","https://down-id.img.susercontent.com/file/id-11134258-82250-mkvvn2x0joqodc","EIGER WOMEN TRACES DE ROUES SS TEE","164.000","-3%","https://deo.shopeemobile.com/shopee/modules-federation/live/0/shopee__item-card-centralisation/0.1.11/pc/b4d1b8a78b3621dbdf4a.svg","Pilih Lokal","4.9","41 terjual"
"https://shopee.co.id/EIGER-MALVALES-CONVERTIBLE-PANTS-i.19260065.43376745867?extraParams=%7B%22display_model_id%22%3A282198872440%2C%22model_selection_logic%22%3A3%7D","https://down-id.img.susercontent.com/file/id-11134207-8224y-mhh4mkq2iryf70","https://down-id.img.susercontent.com/file/id-11134258-82250-mkvvn2x0joqodc","EIGER MALVALES CONVERTIBLE PANTS","484.000","-3%","https://deo.shopeemobile.com/shopee/modules-federation/live/0/shopee__item-card-centralisation/0.1.11/pc/b4d1b8a78b3621dbdf4a.svg","Pilih Lokal","4.9","120 terjual"
"https://shopee.co.id/EIGER-X-OCTOTRAILS-T-SHIRT-i.19260065.15085996973?extraParams=%7B%22display_model_id%22%3A48827916950%2C%22model_selection_logic%22%3A3%7D","https://down-id.img.susercontent.com/file/be95c1b4e851de267593820d83ec6d3e","https://down-id.img.susercontent.com/file/id-11134258-82250-mkvvn2x0joqodc","EIGER X-OCTOTRAILS T-SHIRT","184.000","-3%","https://deo.shopeemobile.com/shopee/modules-federation/live/0/shopee__item-card-centralisation/0.1.11/pc/b4d1b8a78b3621dbdf4a.svg","Pilih Lokal","4.9","1RB+ terjual"
"https://shopee.co.id/EIGER-NF-TRILOGY-T-SHIRT-i.19260065.29491015855?extraParams=%7B%22display_model_id%22%3A306411487324%2C%22model_selection_logic%22%3A3%7D","https://down-id.img.susercontent.com/file/id-11134207-81ztk-me5ilue35n9d52","https://down-id.img.susercontent.com/file/id-11134258-82250-mkvvn2x0joqodc","EIGER NF TRILOGY T-SHIRT","174.000","-3%","https://deo.shopeemobile.com/shopee/modules-federation/live/0/shopee__item-card-centralisation/0.1.11/pc/b4d1b8a78b3621dbdf4a.svg","Pilih Lokal","4.9","284 terjual"
"https://shopee.co.id/EIGER-GOZO-POLO-SHIRT-i.19260065.50457102173?extraParams=%7B%22display_model_id%22%3A380633454231%2C%22model_selection_logic%22%3A3%7D","https://down-id.img.susercontent.com/file/id-11134207-822wg-mlpvd7ih1kozdb","https://down-id.img.susercontent.com/file/id-11134258-82250-mkvvn2x0joqodc","EIGER GOZO POLO SHIRT","244.000","-2%","https://deo.shopeemobile.com/shopee/modules-federation/live/0/shopee__item-card-centralisation/0.1.11/pc/b4d1b8a78b3621dbdf4a.svg","Pilih Lokal","5.0","20 terjual"
"https://shopee.co.id/EIGER-LENOTRA-SS-T-SHIRT-i.19260065.29240650987?extraParams=%7B%22display_model_id%22%3A248811292674%2C%22model_selection_logic%22%3A3%7D","https://down-id.img.susercontent.com/file/id-11134207-81ztg-mdzttzn8xfd332","https://down-id.img.susercontent.com/file/id-11134258-82250-mkvvn2x0joqodc","EIGER LENOTRA SS T-SHIRT","204.000","-2%","https://deo.shopeemobile.com/shopee/modules-federation/live/0/shopee__item-card-centralisation/0.1.11/pc/b4d1b8a78b3621dbdf4a.svg","Pilih Lokal","4.9","211 terjual"
"https://shopee.co.id/EIGER-INDONESIA-CULTURAL-SHIRT-i.19260065.16772513999?extraParams=%7B%22display_model_id%22%3A190460323044%2C%22model_selection_logic%22%3A3%7D","https://down-id.img.susercontent.com/file/25c409b8e77a0248bd7d0cfbdf66015f","https://down-id.img.susercontent.com/file/id-11134258-82250-mkvvn2x0joqodc","EIGER INDONESIA CULTURAL SHIRT","344.640","-4%","https://deo.shopeemobile.com/shopee/modules-federation/live/0/shopee__item-card-centralisation/0.1.11/pc/b4d1b8a78b3621dbdf4a.svg","Pilih Lokal","4.9","432 terjual"
"https://shopee.co.id/EIGER-MENS-FERVOR-INSULATED-JACKET-i.19260065.26309107987?extraParams=%7B%22display_model_id%22%3A215341168242%2C%22model_selection_logic%22%3A3%7D","https://down-id.img.susercontent.com/file/id-11134207-7r98z-lze8a7mnn6mdee","https://down-id.img.susercontent.com/file/id-11134258-82250-mkvvn2x0joqodc","EIGER MENS FERVOR INSULATED JACKET","1.724.000","-4%","https://deo.shopeemobile.com/shopee/modules-federation/live/0/shopee__item-card-centralisation/0.1.11/pc/b4d1b8a78b3621dbdf4a.svg","Pilih Lokal","4.9","63 terjual"
"https://shopee.co.id/EIGER-HOMEWARD-COACH-JACKET-i.19260065.46008486465?extraParams=%7B%22display_model_id%22%3A340750787075%2C%22model_selection_logic%22%3A3%7D","https://down-id.img.susercontent.com/file/id-11134207-822wl-mmtpqn8oi32d8a","https://down-id.img.susercontent.com/file/id-11134258-8224z-mkvwcf6270g1ad","EIGER HOMEWARD COACH JACKET","624.000","-11%","https://deo.shopeemobile.com/shopee/modules-federation/live/0/shopee__item-card-centralisation/0.1.11/pc/b4d1b8a78b3621dbdf4a.svg","5 terjual","5.0",""
"https://shopee.co.id/EIGER-QUEST-3.0-PANTS-i.19260065.52754591978?extraParams=%7B%22display_model_id%22%3A325427114039%2C%22model_selection_logic%22%3A3%7D","https://down-id.img.susercontent.com/file/id-11134207-8224o-mjfaixmt8mbr71","https://down-id.img.susercontent.com/file/id-11134258-82250-mkvvn2x0joqodc","EIGER QUEST 3.0 PANTS","434.000","-3%","https://deo.shopeemobile.com/shopee/modules-federation/live/0/shopee__item-card-centralisation/0.1.11/pc/b4d1b8a78b3621dbdf4a.svg","Pilih Lokal","4.9","124 terjual"
"https://shopee.co.id/EIGER-VALLES-MULTIPOCKET-JACKET-i.19260065.53354894804?extraParams=%7B%22display_model_id%22%3A310854158119%2C%22model_selection_logic%22%3A3%7D","https://down-id.img.susercontent.com/file/id-11134207-82250-mjnx3rhko1z577","https://down-id.img.susercontent.com/file/id-11134258-82250-mkvvn2x0joqodc","EIGER VALLES MULTIPOCKET JACKET","554.000","-4%","https://deo.shopeemobile.com/shopee/modules-federation/live/0/shopee__item-card-centralisation/0.1.11/pc/b4d1b8a78b3621dbdf4a.svg","Pilih Lokal","4.8","34 terjual"
"https://shopee.co.id/EIGER-ATTACK-BDU-CARGO-PANTS-i.19260065.25034561761?extraParams=%7B%22display_model_id%22%3A251349140841%2C%22model_selection_logic%22%3A3%7D","https://down-id.img.susercontent.com/file/id-11134207-7r98x-lypz4cf7eds587","https://down-id.img.susercontent.com/file/id-11134258-82250-mkvvn2x0joqodc","EIGER ATTACK BDU CARGO PANTS","624.000","-4%","https://deo.shopeemobile.com/shopee/modules-federation/live/0/shopee__item-card-centralisation/0.1.11/pc/b4d1b8a78b3621dbdf4a.svg","Pilih Lokal","4.8","179 terjual"
"https://shopee.co.id/EIGER-RAVA-2.0-SHORT-PANTS-i.19260065.51705987611?extraParams=%7B%22display_model_id%22%3A360543451395%2C%22model_selection_logic%22%3A3%7D","https://down-id.img.susercontent.com/file/id-11134207-8224q-mkhrmc5ef4so90","https://down-id.img.susercontent.com/file/id-11134258-82250-mkvvn2x0joqodc","EIGER RAVA 2.0 SHORT PANTS","344.640","-4%","https://deo.shopeemobile.com/shopee/modules-federation/live/0/shopee__item-card-centralisation/0.1.11/pc/b4d1b8a78b3621dbdf4a.svg","Pilih Lokal","4.9","85 terjual"
"https://shopee.co.id/EIGER-ZASTAVA-POLO-SHIRT-i.19260065.21653472642?extraParams=%7B%22display_model_id%22%3A164729808629%2C%22model_selection_logic%22%3A3%7D","https://down-id.img.susercontent.com/file/sg-11134201-22100-dae6i948ohivf4","https://down-id.img.susercontent.com/file/id-11134258-82250-mkvvn2x0joqodc","EIGER ZASTAVA POLO SHIRT","244.000","-2%","https://deo.shopeemobile.com/shopee/modules-federation/live/0/shopee__item-card-centralisation/0.1.11/pc/b4d1b8a78b3621dbdf4a.svg","Pilih Lokal","4.8","995 terjual"
"https://shopee.co.id/EIGER-ALTO-HIKE-SHORTS-i.19260065.29665355317?extraParams=%7B%22display_model_id%22%3A223370422734%2C%22model_selection_logic%22%3A3%7D","https://down-id.img.susercontent.com/file/id-11134207-7rasg-m1qdtpqtiofv98","https://down-id.img.susercontent.com/file/id-11134258-82250-mkvvn2x0joqodc","EIGER ALTO HIKE SHORTS","322.200","-21%","https://deo.shopeemobile.com/shopee/modules-federation/live/0/shopee__item-card-centralisation/0.1.11/pc/b4d1b8a78b3621dbdf4a.svg","Pilih Lokal","4.8","94 terjual"
"https://shopee.co.id/EIGER-WOMEN-NEO-CLIMB-SHORTS-1.0-i.19260065.40708586309?extraParams=%7B%22display_model_id%22%3A260723224640%2C%22model_selection_logic%22%3A3%7D","https://down-id.img.susercontent.com/file/id-11134207-7ra0o-mc7h0l9ob0lnb8","https://down-id.img.susercontent.com/file/id-11134258-82250-mkvvn2x0joqodc","EIGER WOMEN NEO CLIMB SHORTS 1.0","364.000","-4%","https://deo.shopeemobile.com/shopee/modules-federation/live/0/shopee__item-card-centralisation/0.1.11/pc/b4d1b8a78b3621dbdf4a.svg","Pilih Lokal","5.0","5 terjual"
"https://shopee.co.id/EIGER-VANLIFE-SS-T-SHIRT-i.19260065.8166845405?extraParams=%7B%22display_model_id%22%3A125065143603%2C%22model_selection_logic%22%3A3%7D","https://down-id.img.susercontent.com/file/e97bc05bbef9ecfd7dc5c33d0f253d33","https://down-id.img.susercontent.com/file/id-11134258-82250-mkvvn2x0joqodc","EIGER VANLIFE SS T-SHIRT","194.000","-3%","https://deo.shopeemobile.com/shopee/modules-federation/live/0/shopee__item-card-centralisation/0.1.11/pc/b4d1b8a78b3621dbdf4a.svg","Pilih Lokal","4.9","1RB+ terjual"
"https://shopee.co.id/EIGER-ATTACK-BDU-JACKET-i.19260065.26609148047?extraParams=%7B%22display_model_id%22%3A246464428158%2C%22model_selection_logic%22%3A3%7D","https://down-id.img.susercontent.com/file/id-11134207-7r98o-lze8a7mxwlxk23","https://down-id.img.susercontent.com/file/id-11134258-82250-mkvvn2x0joqodc","EIGER ATTACK BDU JACKET","632.300","-33%","https://deo.shopeemobile.com/shopee/modules-federation/live/0/shopee__item-card-centralisation/0.1.11/pc/b4d1b8a78b3621dbdf4a.svg","Pilih Lokal","4.9","88 terjual"
"https://shopee.co.id/EIGER-PAPARANGA-POLO-LS-i.19260065.22034470137?extraParams=%7B%22display_model_id%22%3A231322807741%2C%22model_selection_logic%22%3A3%7D","https://down-id.img.susercontent.com/file/id-11134201-7qukx-leqopfernpan0e","https://down-id.img.susercontent.com/file/id-11134258-82250-mkvvn2x0joqodc","EIGER PAPARANGA POLO LS","264.000","-2%","https://deo.shopeemobile.com/shopee/modules-federation/live/0/shopee__item-card-centralisation/0.1.11/pc/b4d1b8a78b3621dbdf4a.svg","Pilih Lokal","4.9","428 terjual"
"https://shopee.co.id/EIGER-KAMBERA-S-S-SHIRT-1989-i.19260065.5777617444?extraParams=%7B%22display_model_id%22%3A33509804965%2C%22model_selection_logic%22%3A3%7D","https://down-id.img.susercontent.com/file/8e4be9930bb063ff0f1f25d6fab349d0","https://down-id.img.susercontent.com/file/id-11134258-82250-mkvvn2x0joqodc","EIGER KAMBERA S/S SHIRT 1989","192.400","-42%","https://deo.shopeemobile.com/shopee/modules-federation/live/0/shopee__item-card-centralisation/0.1.11/pc/b4d1b8a78b3621dbdf4a.svg","Pilih Lokal","4.9","1RB+ terjual"
"https://shopee.co.id/EIGER-COASTICO-SHORT-PANTS-i.19260065.27816671912?extraParams=%7B%22display_model_id%22%3A207949645739%2C%22model_selection_logic%22%3A3%7D","https://down-id.img.susercontent.com/file/id-11134207-7rasf-m28xmbeb2pj4e5","https://down-id.img.susercontent.com/file/id-11134258-82250-mkvvn2x0joqodc","EIGER COASTICO SHORT PANTS","294.000","-2%","https://deo.shopeemobile.com/shopee/modules-federation/live/0/shopee__item-card-centralisation/0.1.11/pc/b4d1b8a78b3621dbdf4a.svg","Pilih Lokal","4.9","177 terjual"
"https://shopee.co.id/EIGER-WS-HEATWAVE-XT-JACKET-GREY-i.19260065.20276965261?extraParams=%7B%22display_model_id%22%3A184106594581%2C%22model_selection_logic%22%3A3%7D","https://down-id.img.susercontent.com/file/id-11134201-7quky-leqxkyypllilac","https://down-id.img.susercontent.com/file/id-11134258-82250-mkvvn2x0joqodc","EIGER WS HEATWAVE XT JACKET GREY","1.724.000","-4%","https://deo.shopeemobile.com/shopee/modules-federation/live/0/shopee__item-card-centralisation/0.1.11/pc/b4d1b8a78b3621dbdf4a.svg","Pilih Lokal","5.0","34 terjual"
"https://shopee.co.id/EIGER-RAINTOUR-LONG-PANTS-i.19260065.24369773013?extraParams=%7B%22display_model_id%22%3A168114033183%2C%22model_selection_logic%22%3A3%7D","https://down-id.img.susercontent.com/file/id-11134207-7r98p-lt23ajbocvuxf3","https://down-id.img.susercontent.com/file/id-11134258-82250-mkvvn2x0joqodc","EIGER RAINTOUR LONG PANTS","554.000","-4%","https://deo.shopeemobile.com/shopee/modules-federation/live/0/shopee__item-card-centralisation/0.1.11/pc/b4d1b8a78b3621dbdf4a.svg","Pilih Lokal","4.9","115 terjual"
"https://shopee.co.id/EIGER-RAINTOUR-JACKET-HOODIE-i.19260065.25871527937?extraParams=%7B%22display_model_id%22%3A184999173788%2C%22model_selection_logic%22%3A3%7D","https://down-id.img.susercontent.com/file/id-11134207-7r98t-ltgbscx710df3c","https://down-id.img.susercontent.com/file/id-11134258-82250-mkvvn2x0joqodc","EIGER RAINTOUR JACKET HOODIE","732.260","-6%","https://deo.shopeemobile.com/shopee/modules-federation/live/0/shopee__item-card-centralisation/0.1.11/pc/b4d1b8a78b3621dbdf4a.svg","Pilih Lokal","4.9","291 terjual"
"https://shopee.co.id/EIGER-X-CHEYENNE-SHIRT-i.19260065.28532704966?extraParams=%7B%22display_model_id%22%3A159120972771%2C%22model_selection_logic%22%3A3%7D","https://down-id.img.susercontent.com/file/id-11134207-7rbk8-m8d1dq984ohud8","https://down-id.img.susercontent.com/file/id-11134258-82250-mkvvn2x0joqodc","EIGER X-CHEYENNE SHIRT","444.000","-3%","https://deo.shopeemobile.com/shopee/modules-federation/live/0/shopee__item-card-centralisation/0.1.11/pc/b4d1b8a78b3621dbdf4a.svg","Pilih Lokal","5.0","64 terjual"
"https://shopee.co.id/EIGER-X-PATCH-RIDE-1.0-SWEATER-i.19260065.43613184418?extraParams=%7B%22display_model_id%22%3A147913539915%2C%22model_selection_logic%22%3A3%7D","https://down-id.img.susercontent.com/file/id-11134207-7ra0u-mdfqortywtcf7a","https://down-id.img.susercontent.com/file/id-11134258-82250-mkvvn2x0joqodc","EIGER X-PATCH RIDE 1.0 SWEATER","284.000","-2%","https://deo.shopeemobile.com/shopee/modules-federation/live/0/shopee__item-card-centralisation/0.1.11/pc/b4d1b8a78b3621dbdf4a.svg","Pilih Lokal","4.9","179 terjual"
"https://shopee.co.id/EIGER-DANUBE-VEST-HOODIE-i.19260065.44506179249?extraParams=%7B%22display_model_id%22%3A405560063322%2C%22model_selection_logic%22%3A3%7D","https://down-id.img.susercontent.com/file/id-11134207-8224x-mknkzahx9szk12","https://down-id.img.susercontent.com/file/id-11134258-82250-mkvvn2x0joqodc","EIGER DANUBE VEST HOODIE","524.000","-5%","https://deo.shopeemobile.com/shopee/modules-federation/live/0/shopee__item-card-centralisation/0.1.11/pc/b4d1b8a78b3621dbdf4a.svg","Pilih Lokal","5.0","28 terjual"
"https://shopee.co.id/EIGER-ACT-SOFTSENSE-WOMEN-LEGGING-PANTS-2.0-i.19260065.56260093222?extraParams=%7B%22display_model_id%22%3A282597873445%2C%22model_selection_logic%22%3A3%7D","https://down-id.img.susercontent.com/file/id-11134207-822wg-mnxxty8vb8qt87","https://down-id.img.susercontent.com/file/id-11134258-8224z-mkvwcf6270g1ad","EIGER ACT SOFTSENSE WOMEN LEGGING PANTS 2.0","364.000","-4%","https://deo.shopeemobile.com/shopee/modules-federation/live/0/shopee__item-card-centralisation/0.1.11/pc/b4d1b8a78b3621dbdf4a.svg","Produk Baru","5.0","1 terjual"
"https://shopee.co.id/EIGER-GEOLINE-T-SHIRT-SS-i.19260065.52256687612?extraParams=%7B%22display_model_id%22%3A380601121748%2C%22model_selection_logic%22%3A3%7D","https://down-id.img.susercontent.com/file/id-11134207-822ws-mldchb7sb6yp8d","https://down-id.img.susercontent.com/file/id-11134258-82250-mkvvn2x0joqodc","EIGER GEOLINE T-SHIRT SS","204.000","-2%","https://deo.shopeemobile.com/shopee/modules-federation/live/0/shopee__item-card-centralisation/0.1.11/pc/b4d1b8a78b3621dbdf4a.svg","Pilih Lokal","4.9","47 terjual"
"https://shopee.co.id/EIGER-MALLOTUS-ACTIVE-T-SHIRT-i.19260065.44467443637?extraParams=%7B%22display_model_id%22%3A243857130710%2C%22model_selection_logic%22%3A3%7D","https://down-id.img.susercontent.com/file/id-11134207-81zti-me8cr9b3gjybb0","https://down-id.img.susercontent.com/file/id-11134258-82250-mkvvn2x0joqodc","EIGER MALLOTUS ACTIVE T-SHIRT","194.000","-3%","https://deo.shopeemobile.com/shopee/modules-federation/live/0/shopee__item-card-centralisation/0.1.11/pc/b4d1b8a78b3621dbdf4a.svg","Pilih Lokal","5.0","84 terjual"
"https://shopee.co.id/EIGER-TROY-ROUTE-WORK-SHIRT-2.0-i.19260065.26710451407?extraParams=%7B%22display_model_id%22%3A223192208302%2C%22model_selection_logic%22%3A3%7D","https://down-id.img.susercontent.com/file/id-11134207-7r98q-lzufx8rg9oz1f8","https://down-id.img.susercontent.com/file/id-11134258-82250-mkvvn2x0joqodc","EIGER TROY ROUTE WORK SHIRT 2.0","362.100","-14%","https://deo.shopeemobile.com/shopee/modules-federation/live/0/shopee__item-card-centralisation/0.1.11/pc/b4d1b8a78b3621dbdf4a.svg","Pilih Lokal","4.9","338 terjual"
"https://shopee.co.id/EIGER-QUIMPER-JACKSHIRT-i.19260065.18267468948?extraParams=%7B%22display_model_id%22%3A213475675322%2C%22model_selection_logic%22%3A3%7D","https://down-id.img.susercontent.com/file/sg-11134201-22120-1pnu45nbttkvac","https://down-id.img.susercontent.com/file/id-11134258-82250-mkvvn2x0joqodc","EIGER QUIMPER JACKSHIRT","484.000","-3%","https://deo.shopeemobile.com/shopee/modules-federation/live/0/shopee__item-card-centralisation/0.1.11/pc/b4d1b8a78b3621dbdf4a.svg","Pilih Lokal","4.9","804 terjual"
"https://shopee.co.id/EIGER-DAYTOUR-WINDBREAKER-JACKET-i.19260065.42112703906?extraParams=%7B%22display_model_id%22%3A301065536496%2C%22model_selection_logic%22%3A3%7D","https://down-id.img.susercontent.com/file/id-11134207-7ra0m-mde0val7cdic5b","https://down-id.img.susercontent.com/file/id-11134258-82250-mkvvn2x0joqodc","EIGER DAYTOUR WINDBREAKER JACKET","604.000","-4%","https://deo.shopeemobile.com/shopee/modules-federation/live/0/shopee__item-card-centralisation/0.1.11/pc/b4d1b8a78b3621dbdf4a.svg","Pilih Lokal","5.0","55 terjual"
"https://shopee.co.id/EIGER-ALTITUDE-POLO-SHIRT-i.19260065.54058930279?extraParams=%7B%22display_model_id%22%3A315792047301%2C%22model_selection_logic%22%3A3%7D","https://down-id.img.susercontent.com/file/id-11134207-822wo-mn3ujlbdhuyp31","https://down-id.img.susercontent.com/file/id-11134258-82250-mkvvn2x0joqodc","EIGER ALTITUDE POLO SHIRT","264.000","-2%","https://deo.shopeemobile.com/shopee/modules-federation/live/0/shopee__item-card-centralisation/0.1.11/pc/b4d1b8a78b3621dbdf4a.svg","Pilih Lokal","4.9 Penilaian Toko",""
"https://shopee.co.id/EIGER-ALOR-VEST-1.0-i.19260065.40768212961?extraParams=%7B%22display_model_id%22%3A306497243728%2C%22model_selection_logic%22%3A3%7D","https://down-id.img.susercontent.com/file/id-11134207-81zto-mefj3a5lpl3714","https://down-id.img.susercontent.com/file/id-11134258-82250-mkvvn2x0joqodc","EIGER ALOR VEST 1.0","314.200","-21%","https://deo.shopeemobile.com/shopee/modules-federation/live/0/shopee__item-card-centralisation/0.1.11/pc/b4d1b8a78b3621dbdf4a.svg","Pilih Lokal","4.9","112 terjual"
"https://shopee.co.id/EIGER-VERTMOUNTRIDE-COACH-JACKET-i.19260065.44409506180?extraParams=%7B%22display_model_id%22%3A29617711186%2C%22model_selection_logic%22%3A3%7D","https://down-id.img.susercontent.com/file/id-11134207-7ra0i-mcims6jnz5tj95","https://down-id.img.susercontent.com/file/id-11134258-8224z-mkvwcf6270g1ad","EIGER VERTMOUNTRIDE COACH JACKET","564.000","-4%","https://deo.shopeemobile.com/shopee/modules-federation/live/0/shopee__item-card-centralisation/0.1.11/pc/b4d1b8a78b3621dbdf4a.svg","62 terjual","5.0",""
"https://shopee.co.id/EIGER-WOMEN-MORELLA-LS-TEES-i.19260065.54201654282?extraParams=%7B%22display_model_id%22%3A345149123142%2C%22model_selection_logic%22%3A3%7D","https://down-id.img.susercontent.com/file/id-11134207-8224p-mh7fq5kq017029","https://down-id.img.susercontent.com/file/id-11134258-82250-mkvvn2x0joqodc","EIGER WOMEN MORELLA LS TEES","214.000","-2%","https://deo.shopeemobile.com/shopee/modules-federation/live/0/shopee__item-card-centralisation/0.1.11/pc/b4d1b8a78b3621dbdf4a.svg","Pilih Lokal","4.9","81 terjual"
"https://shopee.co.id/EIGER-ASCENDER-ROCK-PANTS-i.19260065.28886650654?extraParams=%7B%22display_model_id%22%3A270090284778%2C%22model_selection_logic%22%3A3%7D","https://down-id.img.susercontent.com/file/id-11134207-7rbk2-m9u0ukk6ngml20","https://down-id.img.susercontent.com/file/id-11134258-82250-mkvvn2x0joqodc","EIGER ASCENDER ROCK PANTS","440.200","-23%","https://deo.shopeemobile.com/shopee/modules-federation/live/0/shopee__item-card-centralisation/0.1.11/pc/b4d1b8a78b3621dbdf4a.svg","Pilih Lokal","4.9","59 terjual"
"https://shopee.co.id/EIGER-PANDURATA-QUILTED-JACKET-i.19260065.43172186772?extraParams=%7B%22display_model_id%22%3A224546094867%2C%22model_selection_logic%22%3A3%7D","https://down-id.img.susercontent.com/file/id-11134207-81ztc-mf3ushskk9al1c","https://down-id.img.susercontent.com/file/id-11134258-82250-mkvvn2x0joqodc","EIGER PANDURATA QUILTED JACKET","819.000","-6%","https://deo.shopeemobile.com/shopee/modules-federation/live/0/shopee__item-card-centralisation/0.1.11/pc/b4d1b8a78b3621dbdf4a.svg","Pilih Lokal","4.9","96 terjual"
"https://shopee.co.id/EIGER-MANUPEU-CONVERTIBLE-PANTS-i.19260065.47503213564?extraParams=%7B%22display_model_id%22%3A445307831384%2C%22model_selection_logic%22%3A3%7D","https://down-id.img.susercontent.com/file/id-11134207-8224x-micga0h617up33","https://down-id.img.susercontent.com/file/id-11134258-82250-mkvvn2x0joqodc","EIGER MANUPEU CONVERTIBLE PANTS","404.000","-4%","https://deo.shopeemobile.com/shopee/modules-federation/live/0/shopee__item-card-centralisation/0.1.11/pc/b4d1b8a78b3621dbdf4a.svg","Pilih Lokal","5.0","112 terjual"
"https://shopee.co.id/EIGER-WASUR-NAT-PARK-SS-TEES-i.19260065.22201078440?extraParams=%7B%22display_model_id%22%3A156044093411%2C%22model_selection_logic%22%3A3%7D","https://down-id.img.susercontent.com/file/sg-11134201-22100-6ryimtcinuiv2b","https://down-id.img.susercontent.com/file/id-11134258-82250-mkvvn2x0joqodc","EIGER WASUR NAT PARK SS TEES","150.400","-42%","https://deo.shopeemobile.com/shopee/modules-federation/live/0/shopee__item-card-centralisation/0.1.11/pc/b4d1b8a78b3621dbdf4a.svg","Pilih Lokal","5.0","114 terjual"
"https://shopee.co.id/EIGER-RAINTOUR-LS-T-SHIRT-i.19260065.24568396898?extraParams=%7B%22display_model_id%22%3A187364653845%2C%22model_selection_logic%22%3A3%7D","https://down-id.img.susercontent.com/file/id-11134207-7r98y-lsruoubrh01p06","https://down-id.img.susercontent.com/file/id-11134258-82250-mkvvn2x0joqodc","EIGER RAINTOUR LS T-SHIRT","234.000","-2%","https://deo.shopeemobile.com/shopee/modules-federation/live/0/shopee__item-card-centralisation/0.1.11/pc/b4d1b8a78b3621dbdf4a.svg","Pilih Lokal","4.9","147 terjual"
"https://shopee.co.id/EIGER-MENS-EQUATOR-SHIRT-1.0-SS-i.19260065.19237158024?extraParams=%7B%22display_model_id%22%3A39022492059%2C%22model_selection_logic%22%3A3%7D","https://down-id.img.susercontent.com/file/e793d0d6eeb9f693188f8efb44b785b0","https://down-id.img.susercontent.com/file/id-11134258-82250-mkvvn2x0joqodc","EIGER MENS EQUATOR SHIRT 1.0 SS","376.200","-23%","https://deo.shopeemobile.com/shopee/modules-federation/live/0/shopee__item-card-centralisation/0.1.11/pc/b4d1b8a78b3621dbdf4a.svg","Pilih Lokal","4.9","499 terjual"
"https://shopee.co.id/EIGER-TAKIAN-1.2-SHIRT-SS-i.19260065.25218774097?extraParams=%7B%22display_model_id%22%3A222595374108%2C%22model_selection_logic%22%3A3%7D","https://down-id.img.susercontent.com/file/id-11134207-7rbk5-m7q6ey3pf4uoe0","https://down-id.img.susercontent.com/file/id-11134258-82250-mkvvn2x0joqodc","EIGER TAKIAN 1.2 SHIRT SS","239.300","-31%","https://deo.shopeemobile.com/shopee/modules-federation/live/0/shopee__item-card-centralisation/0.1.11/pc/b4d1b8a78b3621dbdf4a.svg","Pilih Lokal","4.9","507 terjual"
"https://shopee.co.id/EIGER-X-BENTAYAN-LS-SHIRT-2.0-i.19260065.41762748609?extraParams=%7B%22display_model_id%22%3A276069587837%2C%22model_selection_logic%22%3A3%7D","https://down-id.img.susercontent.com/file/id-11134207-7ra0i-mdebxlq978sce5","https://down-id.img.susercontent.com/file/id-11134258-82250-mkvvn2x0joqodc","EIGER X-BENTAYAN LS SHIRT 2.0","404.000","-4%","https://deo.shopeemobile.com/shopee/modules-federation/live/0/shopee__item-card-centralisation/0.1.11/pc/b4d1b8a78b3621dbdf4a.svg","Pilih Lokal","4.8","97 terjual"
"https://shopee.co.id/EIGER-TAC-X-DOGTAG-T-SHIRTS-i.19260065.43265218877?extraParams=%7B%22display_model_id%22%3A261259442135%2C%22model_selection_logic%22%3A3%7D","https://down-id.img.susercontent.com/file/id-11134207-81zti-mdwkkslps8ow6c","https://down-id.img.susercontent.com/file/id-11134258-82250-mkvvn2x0joqodc","EIGER TAC X DOGTAG T-SHIRTS","244.000","-2%","https://deo.shopeemobile.com/shopee/modules-federation/live/0/shopee__item-card-centralisation/0.1.11/pc/b4d1b8a78b3621dbdf4a.svg","Pilih Lokal","4.9","130 terjual"
"https://shopee.co.id/EIGER-HEMLOCK-ROAD-1.0-SHIRT-i.19260065.27380769924?extraParams=%7B%22display_model_id%22%3A218348698199%2C%22model_selection_logic%22%3A3%7D","https://down-id.img.susercontent.com/file/id-11134207-7rbkc-m7rhyh39nqgx39","https://down-id.img.susercontent.com/file/id-11134258-82250-mkvvn2x0joqodc","EIGER HEMLOCK ROAD 1.0 SHIRT","434.000","-3%","https://deo.shopeemobile.com/shopee/modules-federation/live/0/shopee__item-card-centralisation/0.1.11/pc/b4d1b8a78b3621dbdf4a.svg","Pilih Lokal","4.9","78 terjual"
"https://shopee.co.id/EIGER-VERTMOUNTRIDE-JERSEY-i.19260065.41405124796?extraParams=%7B%22display_model_id%22%3A275432800329%2C%22model_selection_logic%22%3A3%7D","https://down-id.img.susercontent.com/file/id-11134207-7ra0u-mb654culkvrt1e","https://down-id.img.susercontent.com/file/id-11134258-82250-mkvvn2x0joqodc","EIGER VERTMOUNTRIDE JERSEY","416.100","-13%","https://deo.shopeemobile.com/shopee/modules-federation/live/0/shopee__item-card-centralisation/0.1.11/pc/b4d1b8a78b3621dbdf4a.svg","Pilih Lokal","5.0","25 terjual"
"https://shopee.co.id/EIGER-REMMINGTON-SS-WS-POLO-SHIRT-i.19260065.28600090230?extraParams=%7B%22display_model_id%22%3A236338633107%2C%22model_selection_logic%22%3A3%7D","https://down-id.img.susercontent.com/file/id-11134207-7r98p-lvcox588d1hl15","https://down-id.img.susercontent.com/file/id-11134258-82250-mkvvn2x0joqodc","EIGER REMMINGTON SS WS POLO SHIRT","334.000","-1%","https://deo.shopeemobile.com/shopee/modules-federation/live/0/shopee__item-card-centralisation/0.1.11/pc/b4d1b8a78b3621dbdf4a.svg","Pilih Lokal","4.9","95 terjual"
"https://shopee.co.id/EIGER-WOMEN-SAWUHAI-ANTI-INSECT-LS-TEES-i.19260065.42776576282?extraParams=%7B%22display_model_id%22%3A277174003065%2C%22model_selection_logic%22%3A3%7D","https://down-id.img.susercontent.com/file/id-11134207-8224q-mh8tx7cp1b7x0a","https://down-id.img.susercontent.com/file/id-11134258-82250-mkvvn2x0joqodc","EIGER WOMEN SAWUHAI ANTI INSECT LS TEES","234.000","-2%","https://deo.shopeemobile.com/shopee/modules-federation/live/0/shopee__item-card-centralisation/0.1.11/pc/b4d1b8a78b3621dbdf4a.svg","Pilih Lokal","4.9","75 terjual"
"https://shopee.co.id/EIGER-JR-MOORLAND-PLAIN-SS-TEES-i.19260065.24256682948?extraParams=%7B%22display_model_id%22%3A255175052520%2C%22model_selection_logic%22%3A3%7D","https://down-id.img.susercontent.com/file/id-11134207-7r992-lr2vqujowtix62","https://down-id.img.susercontent.com/file/id-11134258-82250-mkvvn2x0joqodc","EIGER JR MOORLAND PLAIN SS TEES","119.200","-20%","","Pilih Lokal","4.9","351 terjual"
"https://shopee.co.id/EIGER-EVREDAIT-QUILTED-VEST-i.19260065.51555456270?extraParams=%7B%22display_model_id%22%3A415496451938%2C%22model_selection_logic%22%3A3%7D","https://down-id.img.susercontent.com/file/id-11134207-8224z-mk0qqolyfq4j77","https://down-id.img.susercontent.com/file/id-11134258-82250-mkvvn2x0joqodc","EIGER EVREDAIT QUILTED VEST","484.000","-5%","https://deo.shopeemobile.com/shopee/modules-federation/live/0/shopee__item-card-centralisation/0.1.11/pc/b4d1b8a78b3621dbdf4a.svg","Pilih Lokal","5.0","79 terjual"
"https://shopee.co.id/EIGER-WS-TRISHA-COLORBLOCKING-JACKET-i.19260065.25716224950?extraParams=%7B%22display_model_id%22%3A360687255075%2C%22model_selection_logic%22%3A3%7D","https://down-id.img.susercontent.com/file/id-11134207-822wr-mm9wjrih0irs86","https://down-id.img.susercontent.com/file/id-11134258-82250-mkvvn2x0joqodc","EIGER WS TRISHA COLORBLOCKING JACKET","574.000","-4%","https://deo.shopeemobile.com/shopee/modules-federation/live/0/shopee__item-card-centralisation/0.1.11/pc/b4d1b8a78b3621dbdf4a.svg","Pilih Lokal","5.0","326 terjual"
"https://shopee.co.id/EIGER-LORENTZ-NAT-PARK-SS-TEES-i.19260065.23101078545?extraParams=%7B%22display_model_id%22%3A126955961848%2C%22model_selection_logic%22%3A3%7D","https://down-id.img.susercontent.com/file/sg-11134201-22100-tu9mqpcinuivce","https://down-id.img.susercontent.com/file/id-11134258-82250-mkvvn2x0joqodc","EIGER LORENTZ NAT PARK SS TEES","150.400","-42%","https://deo.shopeemobile.com/shopee/modules-federation/live/0/shopee__item-card-centralisation/0.1.11/pc/b4d1b8a78b3621dbdf4a.svg","Pilih Lokal","5.0","252 terjual"
"https://shopee.co.id/EIGER-TOURIDE-LS-JERSEY-T-SHIRT-i.19260065.24741383157?extraParams=%7B%22display_model_id%22%3A128213784316%2C%22model_selection_logic%22%3A3%7D","https://down-id.img.susercontent.com/file/id-11134207-7rbk2-m66muojml2n13b","https://down-id.img.susercontent.com/file/id-11134258-82250-mkvvn2x0joqodc","EIGER TOURIDE LS JERSEY T-SHIRT","344.000","-1%","https://deo.shopeemobile.com/shopee/modules-federation/live/0/shopee__item-card-centralisation/0.1.11/pc/b4d1b8a78b3621dbdf4a.svg","Pilih Lokal","4.9","73 terjual"
"https://shopee.co.id/EIGER-X-KAMAKOU-1.0-SHORTS-i.19260065.56106278367?extraParams=%7B%22display_model_id%22%3A425568766437%2C%22model_selection_logic%22%3A3%7D","https://down-id.img.susercontent.com/file/id-11134207-8224q-mkw7tlj6g552a7","https://down-id.img.susercontent.com/file/id-11134258-82250-mkvvn2x0joqodc","EIGER X-KAMAKOU 1.0 SHORTS","364.000","-4%","https://deo.shopeemobile.com/shopee/modules-federation/live/0/shopee__item-card-centralisation/0.1.11/pc/b4d1b8a78b3621dbdf4a.svg","Pilih Lokal","5.0","14 terjual"
"https://shopee.co.id/EIGER-MENS-EVOTECH-XC-1.0-SS-SHIRT-i.19260065.23338630710?extraParams=%7B%22display_model_id%22%3A194203603537%2C%22model_selection_logic%22%3A3%7D","https://down-id.img.susercontent.com/file/id-11134207-7qul8-lfj9ndixe9u5fa","https://down-id.img.susercontent.com/file/id-11134258-82250-mkvvn2x0joqodc","EIGER MENS EVOTECH XC 1.0 SS SHIRT","312.400","-41%","https://deo.shopeemobile.com/shopee/modules-federation/live/0/shopee__item-card-centralisation/0.1.11/pc/b4d1b8a78b3621dbdf4a.svg","Pilih Lokal","4.9","152 terjual"
"https://shopee.co.id/EIGER-X-SEALANDER-T-SHIRT-i.19260065.41656786795?extraParams=%7B%22display_model_id%22%3A280572476112%2C%22model_selection_logic%22%3A3%7D","https://down-id.img.susercontent.com/file/id-11134207-7ra0q-mbndyfcx5ug4ad","https://down-id.img.susercontent.com/file/id-11134258-82250-mkvvn2x0joqodc","EIGER X-SEALANDER T-SHIRT","143.400","-40%","","Pilih Lokal","5.0","72 terjual"
"https://shopee.co.id/EIGER-X-GORDIAN-VEST-i.19260065.8264796855?extraParams=%7B%22display_model_id%22%3A82629845052%2C%22model_selection_logic%22%3A3%7D","https://down-id.img.susercontent.com/file/0a8c8c6b6b61d1930fc2c1e23d35454c","https://down-id.img.susercontent.com/file/id-11134258-82250-mkvvn2x0joqodc","EIGER X-GORDIAN VEST","344.300","-31%","https://deo.shopeemobile.com/shopee/modules-federation/live/0/shopee__item-card-centralisation/0.1.11/pc/b4d1b8a78b3621dbdf4a.svg","Pilih Lokal","5.0","397 terjual"
"https://shopee.co.id/EIGER-X-STRYDE-CONVERTIBLE-PANTS-i.19260065.40317061244?extraParams=%7B%22display_model_id%22%3A266408783136%2C%22model_selection_logic%22%3A3%7D","https://down-id.img.susercontent.com/file/id-11134207-81zto-me56c15jt8n734","https://down-id.img.susercontent.com/file/id-11134258-82250-mkvvn2x0joqodc","EIGER X-STRYDE CONVERTIBLE PANTS","624.000","-4%","https://deo.shopeemobile.com/shopee/modules-federation/live/0/shopee__item-card-centralisation/0.1.11/pc/b4d1b8a78b3621dbdf4a.svg","Pilih Lokal","4.9","63 terjual"
"https://shopee.co.id/EIGER-DAYTOUR-SS-T-SHIRT-i.19260065.26916816620?extraParams=%7B%22display_model_id%22%3A187953554554%2C%22model_selection_logic%22%3A3%7D","https://down-id.img.susercontent.com/file/id-11134207-7rasd-m2aiyoxac1v8a2","https://down-id.img.susercontent.com/file/id-11134258-82250-mkvvn2x0joqodc","EIGER DAYTOUR SS T-SHIRT","174.000","-3%","https://deo.shopeemobile.com/shopee/modules-federation/live/0/shopee__item-card-centralisation/0.1.11/pc/b4d1b8a78b3621dbdf4a.svg","Pilih Lokal","4.9","124 terjual"
"https://shopee.co.id/EIGER-TOURIDE-TAC-VEST-i.19260065.41619959719?extraParams=%7B%22display_model_id%22%3A208711866346%2C%22model_selection_logic%22%3A3%7D","https://down-id.img.susercontent.com/file/id-11134207-81ztd-metqnw79tn9f90","https://down-id.img.susercontent.com/file/id-11134258-82250-mkvvn2x0joqodc","EIGER TOURIDE TAC VEST","735.174","-15%","https://deo.shopeemobile.com/shopee/modules-federation/live/0/shopee__item-card-centralisation/0.1.11/pc/b4d1b8a78b3621dbdf4a.svg","Pilih Lokal","5.0","9 terjual"
"https://shopee.co.id/EIGER-CROSSTOWN-JACKSHIRT-i.19260065.48050308349?extraParams=%7B%22display_model_id%22%3A292097829604%2C%22model_selection_logic%22%3A3%7D","https://down-id.img.susercontent.com/file/id-11134207-82252-mgddzv19fifeae","https://down-id.img.susercontent.com/file/id-11134258-82250-mkvvn2x0joqodc","EIGER CROSSTOWN JACKSHIRT","564.000","-4%","https://deo.shopeemobile.com/shopee/modules-federation/live/0/shopee__item-card-centralisation/0.1.11/pc/b4d1b8a78b3621dbdf4a.svg","Pilih Lokal","5.0","34 terjual"
"https://shopee.co.id/EIGER-X-WOMEN-SCOUT-RANGER-PANTS-i.19260065.42467072867?extraParams=%7B%22display_model_id%22%3A282164476765%2C%22model_selection_logic%22%3A3%7D","https://down-id.img.susercontent.com/file/id-11134207-8224x-mh61zj89k3ke5b","https://down-id.img.susercontent.com/file/id-11134258-82250-mkvvn2x0joqodc","EIGER X WOMEN SCOUT RANGER PANTS","454.000","-3%","https://deo.shopeemobile.com/shopee/modules-federation/live/0/shopee__item-card-centralisation/0.1.11/pc/b4d1b8a78b3621dbdf4a.svg","Pilih Lokal","4.9","70 terjual"
"https://shopee.co.id/EIGER-ACONCAGUA-1.0-T-SHIRT-i.19260065.51803254013?extraParams=%7B%22display_model_id%22%3A435313479378%2C%22model_selection_logic%22%3A3%7D","https://down-id.img.susercontent.com/file/id-11134207-82250-midyhjtm78cn2b","https://down-id.img.susercontent.com/file/id-11134258-82250-mkvvn2x0joqodc","EIGER ACONCAGUA 1.0 T-SHIRT","214.000","-2%","https://deo.shopeemobile.com/shopee/modules-federation/live/0/shopee__item-card-centralisation/0.1.11/pc/b4d1b8a78b3621dbdf4a.svg","Pilih Lokal","5.0","63 terjual"
"https://shopee.co.id/EIGER-MEN'S-ESCRAPMENT-XTR-LS-F1-SHIRT-i.19260065.24653067875?extraParams=%7B%22display_model_id%22%3A255081981758%2C%22model_selection_logic%22%3A3%7D","https://down-id.img.susercontent.com/file/id-11134207-7r98r-lp22ji54u393e2","https://down-id.img.susercontent.com/file/id-11134258-82250-mkvvn2x0joqodc","EIGER MEN'S ESCRAPMENT XTR LS F1 SHIRT","330.200","-21%","https://deo.shopeemobile.com/shopee/modules-federation/live/0/shopee__item-card-centralisation/0.1.11/pc/b4d1b8a78b3621dbdf4a.svg","Pilih Lokal","4.9","1RB+ terjual"
"https://shopee.co.id/EIGER-WOMEN-RIBBED-T-SHIRT-LS-1.0-i.19260065.28984224348?extraParams=%7B%22display_model_id%22%3A272410717281%2C%22model_selection_logic%22%3A3%7D","https://down-id.img.susercontent.com/file/id-11134207-7rbkb-m8u7vc33hu71a8","https://down-id.img.susercontent.com/file/id-11134258-82250-mkvvn2x0joqodc","EIGER WOMEN RIBBED T-SHIRT LS 1.0","214.000","-2%","https://deo.shopeemobile.com/shopee/modules-federation/live/0/shopee__item-card-centralisation/0.1.11/pc/b4d1b8a78b3621dbdf4a.svg","Pilih Lokal","4.9","150 terjual"
"https://shopee.co.id/EIGER-CAMFEST-TEES-SS-i.19260065.24914583000?extraParams=%7B%22display_model_id%22%3A226065807144%2C%22model_selection_logic%22%3A3%7D","https://down-id.img.susercontent.com/file/id-11134207-7r992-ls0rhq9zir9949","https://down-id.img.susercontent.com/file/id-11134258-82250-mkvvn2x0joqodc","EIGER CAMFEST TEES SS","184.000","-3%","https://deo.shopeemobile.com/shopee/modules-federation/live/0/shopee__item-card-centralisation/0.1.11/pc/b4d1b8a78b3621dbdf4a.svg","Pilih Lokal","4.9","548 terjual"
"https://shopee.co.id/EIGER-VALLEY-X-SWEATER-i.19260065.9815478560?extraParams=%7B%22display_model_id%22%3A237024566967%2C%22model_selection_logic%22%3A3%7D","https://down-id.img.susercontent.com/file/id-11134207-7rasm-m2lu8u1isbs057","https://down-id.img.susercontent.com/file/id-11134258-82250-mkvvn2x0joqodc","EIGER VALLEY-X SWEATER","424.000","-3%","https://deo.shopeemobile.com/shopee/modules-federation/live/0/shopee__item-card-centralisation/0.1.11/pc/b4d1b8a78b3621dbdf4a.svg","Pilih Lokal","4.9","403 terjual"
"https://shopee.co.id/EIGER-GRAVEL-1.0-S-S-SHIRT-i.19260065.9314313364?extraParams=%7B%22display_model_id%22%3A33674118771%2C%22model_selection_logic%22%3A3%7D","https://down-id.img.susercontent.com/file/id-11134207-7r98p-lrxvs2ocjlqx2a","https://down-id.img.susercontent.com/file/id-11134258-82250-mkvvn2x0joqodc","EIGER GRAVEL 1.0 S/S SHIRT","258.200","-22%","https://deo.shopeemobile.com/shopee/modules-federation/live/0/shopee__item-card-centralisation/0.1.11/pc/b4d1b8a78b3621dbdf4a.svg","Pilih Lokal","4.8","596 terjual"
"https://shopee.co.id/EIGER-ATTACK-TRAINER-PANTS-i.19260065.26009294614?extraParams=%7B%22display_model_id%22%3A128025737553%2C%22model_selection_logic%22%3A3%7D","https://down-id.img.susercontent.com/file/id-11134207-7r990-lze8a7mnvme8fa","https://down-id.img.susercontent.com/file/id-11134258-82250-mkvvn2x0joqodc","EIGER ATTACK TRAINER PANTS","494.000","-5%","https://deo.shopeemobile.com/shopee/modules-federation/live/0/shopee__item-card-centralisation/0.1.11/pc/b4d1b8a78b3621dbdf4a.svg","Pilih Lokal","4.9","124 terjual"
"https://shopee.co.id/EIGER-TAC-X-CAMOSHIELD-T-SHIRTS-i.19260065.41465231277?extraParams=%7B%22display_model_id%22%3A286258810649%2C%22model_selection_logic%22%3A3%7D","https://down-id.img.susercontent.com/file/id-11134207-81ztn-mdwkkslmjnk705","https://down-id.img.susercontent.com/file/id-11134258-82250-mkvvn2x0joqodc","EIGER TAC X CAMOSHIELD T-SHIRTS","244.000","-2%","https://deo.shopeemobile.com/shopee/modules-federation/live/0/shopee__item-card-centralisation/0.1.11/pc/b4d1b8a78b3621dbdf4a.svg","Pilih Lokal","4.9","69 terjual"
"https://shopee.co.id/EIGER-HIKERSEEKERS-EXP-LS-SHIRT-i.19260065.18791279663?extraParams=%7B%22display_model_id%22%3A221853721869%2C%22model_selection_logic%22%3A3%7D","https://down-id.img.susercontent.com/file/id-11134207-7qul5-ljp4g5uwy7fuf7","https://down-id.img.susercontent.com/file/id-11134258-82250-mkvvn2x0joqodc","EIGER HIKERSEEKERS EXP LS SHIRT","270.400","-41%","https://deo.shopeemobile.com/shopee/modules-federation/live/0/shopee__item-card-centralisation/0.1.11/pc/b4d1b8a78b3621dbdf4a.svg","Pilih Lokal","4.8","112 terjual"
"https://shopee.co.id/EIGER-AUTRA-INSULATED-VEST-i.19260065.51951854904?extraParams=%7B%22display_model_id%22%3A370178110638%2C%22model_selection_logic%22%3A3%7D","https://down-id.img.susercontent.com/file/id-11134207-8224p-mhbcnn3xzcp97e","https://down-id.img.susercontent.com/file/id-11134258-82250-mkvvn2x0joqodc","EIGER AUTRA INSULATED VEST","484.000","-5%","https://deo.shopeemobile.com/shopee/modules-federation/live/0/shopee__item-card-centralisation/0.1.11/pc/b4d1b8a78b3621dbdf4a.svg","Pilih Lokal","4.9","45 terjual"
"https://shopee.co.id/EIGER-ACT-EASY-GLIDE-SHORTS-i.19260065.43850939247?extraParams=%7B%22display_model_id%22%3A208519027068%2C%22model_selection_logic%22%3A3%7D","https://down-id.img.susercontent.com/file/id-11134207-7rbk4-m9ze5ozkv9kge9","https://down-id.img.susercontent.com/file/id-11134258-82250-mkvvn2x0joqodc","EIGER ACT EASY GLIDE SHORTS","244.000","-2%","https://deo.shopeemobile.com/shopee/modules-federation/live/0/shopee__item-card-centralisation/0.1.11/pc/b4d1b8a78b3621dbdf4a.svg","Pilih Lokal","4.9","46 terjual"
"https://shopee.co.id/EIGER-LANDER-RACE-PANTS-i.19260065.11139534600?extraParams=%7B%22display_model_id%22%3A37121591653%2C%22model_selection_logic%22%3A3%7D","https://down-id.img.susercontent.com/file/id-11134207-81ztm-mensyz30bsavab","https://down-id.img.susercontent.com/file/id-11134258-82250-mkvvn2x0joqodc","EIGER LANDER RACE PANTS","704.000","-3%","https://deo.shopeemobile.com/shopee/modules-federation/live/0/shopee__item-card-centralisation/0.1.11/pc/b4d1b8a78b3621dbdf4a.svg","Pilih Lokal","4.8","571 terjual"
"https://shopee.co.id/EIGER-TN-KEP-SERIBU-SS-TEES-i.19260065.23101078531?extraParams=%7B%22display_model_id%22%3A202812332974%2C%22model_selection_logic%22%3A3%7D","https://down-id.img.susercontent.com/file/sg-11134201-22100-on9quqcinuiv50","https://down-id.img.susercontent.com/file/id-11134258-82250-mkvvn2x0joqodc","EIGER TN KEP SERIBU SS TEES","150.400","-42%","https://deo.shopeemobile.com/shopee/modules-federation/live/0/shopee__item-card-centralisation/0.1.11/pc/b4d1b8a78b3621dbdf4a.svg","Pilih Lokal","4.9","166 terjual"
"https://shopee.co.id/EIGER-SHOREA-7''-SHORTS-RUNNING-i.19260065.48404985258?extraParams=%7B%22display_model_id%22%3A425457861455%2C%22model_selection_logic%22%3A3%7D","https://down-id.img.susercontent.com/file/id-11134207-8224o-mjpd6ek7hfk51b","https://down-id.img.susercontent.com/file/id-11134258-82250-mkvvn2x0joqodc","EIGER SHOREA 7'' SHORTS RUNNING","284.000","-2%","https://deo.shopeemobile.com/shopee/modules-federation/live/0/shopee__item-card-centralisation/0.1.11/pc/b4d1b8a78b3621dbdf4a.svg","Pilih Lokal","4.3","10 terjual"
"https://shopee.co.id/EIGER-JUNIOR-Z-OSTRYA-SHIRT-SS-i.19260065.26884260385?extraParams=%7B%22display_model_id%22%3A227719045695%2C%22model_selection_logic%22%3A3%7D","https://down-id.img.susercontent.com/file/id-11134207-7rbk5-m8ubhyfirocx3a","https://down-id.img.susercontent.com/file/id-11134258-82250-mkvvn2x0joqodc","EIGER JUNIOR Z OSTRYA SHIRT SS","224.000","-2%","https://deo.shopeemobile.com/shopee/modules-federation/live/0/shopee__item-card-centralisation/0.1.11/pc/b4d1b8a78b3621dbdf4a.svg","Pilih Lokal","4.9","36 terjual"
"https://shopee.co.id/EIGER-QUESTER-2.0-XT-PANTS-F1-i.19260065.28856478684?extraParams=%7B%22display_model_id%22%3A215759151431%2C%22model_selection_logic%22%3A3%7D","https://down-id.img.susercontent.com/file/id-11134207-7r991-lya7rnodfthkac","https://down-id.img.susercontent.com/file/id-11134258-82250-mkvvn2x0joqodc","EIGER QUESTER 2.0 XT PANTS F1","544.000","-4%","https://deo.shopeemobile.com/shopee/modules-federation/live/0/shopee__item-card-centralisation/0.1.11/pc/b4d1b8a78b3621dbdf4a.svg","Pilih Lokal","4.9","195 terjual"
"https://shopee.co.id/EIGER-DOMANE-SS-T-SHIRT-i.19260065.27971589129?extraParams=%7B%22display_model_id%22%3A208093076106%2C%22model_selection_logic%22%3A3%7D","https://down-id.img.susercontent.com/file/id-11134207-7rasg-m45lgydazjix83","https://down-id.img.susercontent.com/file/id-11134258-82250-mkvvn2x0joqodc","EIGER DOMANE SS T-SHIRT","224.000","-2%","https://deo.shopeemobile.com/shopee/modules-federation/live/0/shopee__item-card-centralisation/0.1.11/pc/b4d1b8a78b3621dbdf4a.svg","Pilih Lokal","4.9","169 terjual"
"https://shopee.co.id/EIGER-EVOLUTE-2.0-LS-F1-SHIRT-i.19260065.20486802981?extraParams=%7B%22display_model_id%22%3A204803401164%2C%22model_selection_logic%22%3A3%7D","https://down-id.img.susercontent.com/file/id-11134207-7r992-lp22ji4uvvs15b","https://down-id.img.susercontent.com/file/id-11134258-82250-mkvvn2x0joqodc","EIGER EVOLUTE 2.0 LS F1 SHIRT","384.000","-4%","https://deo.shopeemobile.com/shopee/modules-federation/live/0/shopee__item-card-centralisation/0.1.11/pc/b4d1b8a78b3621dbdf4a.svg","Pilih Lokal","4.9","1RB+ terjual"
"https://shopee.co.id/EIGER-GEOVULCAN-T-SHIRT-LS-i.19260065.57556678910?extraParams=%7B%22display_model_id%22%3A375601033504%2C%22model_selection_logic%22%3A3%7D","https://down-id.img.susercontent.com/file/id-11134207-822wq-mldahyu9douabd","https://down-id.img.susercontent.com/file/id-11134258-82250-mkvvn2x0joqodc","EIGER GEOVULCAN T-SHIRT LS","244.000","-2%","https://deo.shopeemobile.com/shopee/modules-federation/live/0/shopee__item-card-centralisation/0.1.11/pc/b4d1b8a78b3621dbdf4a.svg","Pilih Lokal","5.0","9 terjual"
"https://shopee.co.id/EIGER-X-ESCRAP-LP-MULTIFUNCTION-PANTS-i.19260065.4577345192?extraParams=%7B%22display_model_id%22%3A115714677087%2C%22model_selection_logic%22%3A3%7D","https://down-id.img.susercontent.com/file/8bf22200aaf492ab2d176379093cacd5","https://down-id.img.susercontent.com/file/id-11134258-82250-mkvvn2x0joqodc","EIGER X ESCRAP LP MULTIFUNCTION PANTS","480.200","-22%","https://deo.shopeemobile.com/shopee/modules-federation/live/0/shopee__item-card-centralisation/0.1.11/pc/b4d1b8a78b3621dbdf4a.svg","Pilih Lokal","4.9","416 terjual"
"https://shopee.co.id/EIGER-KARIMATA-CARGO-SWEATSHORT-i.19260065.42257144586?extraParams=%7B%22display_model_id%22%3A300605596501%2C%22model_selection_logic%22%3A3%7D","https://down-id.img.susercontent.com/file/id-11134207-7ra0m-mbqdikawkoszd0","https://down-id.img.susercontent.com/file/id-11134258-82250-mkvvn2x0joqodc","EIGER KARIMATA CARGO SWEATSHORT","253.300","-31%","https://deo.shopeemobile.com/shopee/modules-federation/live/0/shopee__item-card-centralisation/0.1.11/pc/b4d1b8a78b3621dbdf4a.svg","Pilih Lokal","4.9","41 terjual"
"https://shopee.co.id/EIGER-SPYROS-HYBRID-VEST-i.19260065.56658800104?extraParams=%7B%22display_model_id%22%3A330781064548%2C%22model_selection_logic%22%3A3%7D","https://down-id.img.susercontent.com/file/id-11134207-822wl-mn17650dz4si6b","https://down-id.img.susercontent.com/file/id-11134258-82250-mkvvn2x0joqodc","EIGER SPYROS HYBRID VEST","354.240","-15%","https://deo.shopeemobile.com/shopee/modules-federation/live/0/shopee__item-card-centralisation/0.1.11/pc/b4d1b8a78b3621dbdf4a.svg","Pilih Lokal","5.0","3 terjual"
"https://shopee.co.id/EIGER-APPALACHIAN-LS-T-SHIRT-i.19260065.25940730354?extraParams=%7B%22display_model_id%22%3A158991268022%2C%22model_selection_logic%22%3A3%7D","https://down-id.img.susercontent.com/file/id-11134207-7rasm-m5b5qvxrn5cj9f","https://down-id.img.susercontent.com/file/id-11134258-82250-mkvvn2x0joqodc","EIGER APPALACHIAN LS T-SHIRT","244.000","-2%","https://deo.shopeemobile.com/shopee/modules-federation/live/0/shopee__item-card-centralisation/0.1.11/pc/b4d1b8a78b3621dbdf4a.svg","Pilih Lokal","4.9","96 terjual"
"https://shopee.co.id/EIGER-X-RAPIDITY-1.0-JACKET-i.19260065.15714343494?extraParams=%7B%22display_model_id%22%3A140663060955%2C%22model_selection_logic%22%3A3%7D","https://down-id.img.susercontent.com/file/e9c50116de69d814ba5d780bf4cc8d68","https://down-id.img.susercontent.com/file/id-11134258-82250-mkvvn2x0joqodc","EIGER X-RAPIDITY 1.0 JACKET","614.000","-4%","https://deo.shopeemobile.com/shopee/modules-federation/live/0/shopee__item-card-centralisation/0.1.11/pc/b4d1b8a78b3621dbdf4a.svg","Pilih Lokal","4.9","1RB+ terjual"
"https://shopee.co.id/EIGER-HURTLE-VEST-DENIM-i.19260065.52151787678?extraParams=%7B%22display_model_id%22%3A400165864431%2C%22model_selection_logic%22%3A3%7D","https://down-id.img.susercontent.com/file/id-11134207-8224s-mha9j6s8rymg39","https://down-id.img.susercontent.com/file/id-11134258-82250-mkvvn2x0joqodc","EIGER HURTLE VEST DENIM","496.100","-14%","https://deo.shopeemobile.com/shopee/modules-federation/live/0/shopee__item-card-centralisation/0.1.11/pc/b4d1b8a78b3621dbdf4a.svg","Pilih Lokal","5.0","69 terjual"
"https://shopee.co.id/EIGER-WS-MONO-JOGGER-PANTS-i.19260065.26757594255?extraParams=%7B%22display_model_id%22%3A178352411243%2C%22model_selection_logic%22%3A3%7D","https://down-id.img.susercontent.com/file/id-11134207-7r991-lysryz7jqio83c","https://down-id.img.susercontent.com/file/id-11134258-82250-mkvvn2x0joqodc","EIGER WS MONO JOGGER PANTS","324.000","-2%","https://deo.shopeemobile.com/shopee/modules-federation/live/0/shopee__item-card-centralisation/0.1.11/pc/b4d1b8a78b3621dbdf4a.svg","Pilih Lokal","4.9","85 terjual"
"https://shopee.co.id/EIGER-WOMEN-CRUX-ROUTE-CAPRI-PANTS-i.19260065.55456079159?extraParams=%7B%22display_model_id%22%3A360554073524%2C%22model_selection_logic%22%3A3%7D","https://down-id.img.susercontent.com/file/id-11134207-8224t-mkkunr13icqs1d","https://down-id.img.susercontent.com/file/id-11134258-82250-mkvvn2x0joqodc","EIGER WOMEN CRUX ROUTE CAPRI PANTS","288.300","-31%","https://deo.shopeemobile.com/shopee/modules-federation/live/0/shopee__item-card-centralisation/0.1.11/pc/b4d1b8a78b3621dbdf4a.svg","Pilih Lokal","4.8","12 terjual"
"https://shopee.co.id/EIGER-WS-BREE-DENIM-CARGO-PANTS-i.19260065.29320008486?extraParams=%7B%22display_model_id%22%3A227122292213%2C%22model_selection_logic%22%3A3%7D","https://down-id.img.susercontent.com/file/id-11134207-7rash-m3hnza8e3u9a4e","https://down-id.img.susercontent.com/file/id-11134258-82250-mkvvn2x0joqodc","EIGER WS BREE DENIM CARGO PANTS","369.300","-33%","https://deo.shopeemobile.com/shopee/modules-federation/live/0/shopee__item-card-centralisation/0.1.11/pc/b4d1b8a78b3621dbdf4a.svg","Pilih Lokal","4.9","86 terjual"
"https://shopee.co.id/EIGER-WS-SISU-JACKET-i.19260065.22983740973?extraParams=%7B%22display_model_id%22%3A158408192058%2C%22model_selection_logic%22%3A3%7D","https://down-id.img.susercontent.com/file/id-11134207-7r98z-lmztcyn40wd392","https://down-id.img.susercontent.com/file/id-11134258-82250-mkvvn2x0joqodc","EIGER WS SISU JACKET","424.000","-3%","https://deo.shopeemobile.com/shopee/modules-federation/live/0/shopee__item-card-centralisation/0.1.11/pc/b4d1b8a78b3621dbdf4a.svg","Pilih Lokal","4.9","177 terjual"
"https://shopee.co.id/EIGER-GEOVULCAN-T-SHIRT-SS-i.19260065.47306698105?extraParams=%7B%22display_model_id%22%3A380600730696%2C%22model_selection_logic%22%3A3%7D","https://down-id.img.susercontent.com/file/id-11134207-822wu-mld7g9xueozl7d","https://down-id.img.susercontent.com/file/id-11134258-82250-mkvvn2x0joqodc","EIGER GEOVULCAN T-SHIRT SS","204.000","-2%","https://deo.shopeemobile.com/shopee/modules-federation/live/0/shopee__item-card-centralisation/0.1.11/pc/b4d1b8a78b3621dbdf4a.svg","Pilih Lokal","5.0","4 terjual"
"https://shopee.co.id/EIGER-OBSIDIAN-STAND-COLLAR-LS-SHIRT-i.19260065.26733845736?extraParams=%7B%22display_model_id%22%3A129335010298%2C%22model_selection_logic%22%3A3%7D","https://down-id.img.susercontent.com/file/id-11134207-7rbkc-m8orm5yo4nwx3d","https://down-id.img.susercontent.com/file/id-11134258-82250-mkvvn2x0joqodc","EIGER OBSIDIAN STAND COLLAR LS SHIRT","314.200","-21%","https://deo.shopeemobile.com/shopee/modules-federation/live/0/shopee__item-card-centralisation/0.1.11/pc/b4d1b8a78b3621dbdf4a.svg","Pilih Lokal","4.8","191 terjual"
"https://shopee.co.id/EIGER-ROUND-TSHIRT-SS-i.19260065.41800986174?extraParams=%7B%22display_model_id%22%3A260078165906%2C%22model_selection_logic%22%3A3%7D","https://down-id.img.susercontent.com/file/id-11134207-7rbke-m9sg7edfx6i825","https://down-id.img.susercontent.com/file/id-11134258-82250-mkvvn2x0joqodc","EIGER ROUND TSHIRT SS","194.000","-3%","https://deo.shopeemobile.com/shopee/modules-federation/live/0/shopee__item-card-centralisation/0.1.11/pc/b4d1b8a78b3621dbdf4a.svg","Pilih Lokal","4.9","58 terjual"
"https://shopee.co.id/EIGER-X-BLURRY-TEES-i.19260065.23461765661?extraParams=%7B%22display_model_id%22%3A245055413973%2C%22model_selection_logic%22%3A3%7D","https://down-id.img.susercontent.com/file/id-11134207-7r98u-lom9rqsl94e86c","https://down-id.img.susercontent.com/file/id-11134258-82250-mkvvn2x0joqodc","EIGER X BLURRY TEES","148.300","-32%","https://deo.shopeemobile.com/shopee/modules-federation/live/0/shopee__item-card-centralisation/0.1.11/pc/b4d1b8a78b3621dbdf4a.svg","Pilih Lokal","4.9","158 terjual"
"https://shopee.co.id/EIGER-DALLO-SQUDO-TEES-i.19260065.28556568596?extraParams=%7B%22display_model_id%22%3A241288668060%2C%22model_selection_logic%22%3A3%7D","https://down-id.img.susercontent.com/file/id-11134207-7r98z-lybmpvcyqcbs2a","https://down-id.img.susercontent.com/file/id-11134258-82250-mkvvn2x0joqodc","EIGER DALLO SQUDO TEES","194.000","-3%","https://deo.shopeemobile.com/shopee/modules-federation/live/0/shopee__item-card-centralisation/0.1.11/pc/b4d1b8a78b3621dbdf4a.svg","Pilih Lokal","4.9","238 terjual"
"https://shopee.co.id/EIGER-X-ROLLING-POLO-i.19260065.25720978250?extraParams=%7B%22display_model_id%22%3A178124364770%2C%22model_selection_logic%22%3A3%7D","https://down-id.img.susercontent.com/file/id-11134207-7r991-ltc2j26vm6ihac","https://down-id.img.susercontent.com/file/id-11134258-82250-mkvvn2x0joqodc","EIGER X- ROLLING POLO","254.000","-2%","https://deo.shopeemobile.com/shopee/modules-federation/live/0/shopee__item-card-centralisation/0.1.11/pc/b4d1b8a78b3621dbdf4a.svg","Pilih Lokal","4.9","261 terjual"
"https://shopee.co.id/EIGER-WS-EVIAR-SHIRT-i.19260065.22277996913?extraParams=%7B%22display_model_id%22%3A166062486319%2C%22model_selection_logic%22%3A3%7D","https://down-id.img.susercontent.com/file/id-11134207-7r98o-lkug7gy6xaiaef","https://down-id.img.susercontent.com/file/id-11134258-82250-mkvvn2x0joqodc","EIGER WS EVIAR SHIRT","266.200","-21%","https://deo.shopeemobile.com/shopee/modules-federation/live/0/shopee__item-card-centralisation/0.1.11/pc/b4d1b8a78b3621dbdf4a.svg","Pilih Lokal","5.0","90 terjual"
"https://shopee.co.id/EIGER-WOMEN-MORELLA-SS-TEES-i.19260065.26643002694?extraParams=%7B%22display_model_id%22%3A249030682587%2C%22model_selection_logic%22%3A3%7D","https://down-id.img.susercontent.com/file/id-11134207-8224z-mfvzgs2x4k5n3a","https://down-id.img.susercontent.com/file/id-11134258-82250-mkvvn2x0joqodc","EIGER WOMEN MORELLA SS TEES","204.000","-2%","https://deo.shopeemobile.com/shopee/modules-federation/live/0/shopee__item-card-centralisation/0.1.11/pc/b4d1b8a78b3621dbdf4a.svg","Pilih Lokal","4.9","31 terjual"
"https://shopee.co.id/EIGER-X-WOMEN-BOULDER-REEF-PANTS-1.0-i.19260065.44319671613?extraParams=%7B%22display_model_id%22%3A266609476709%2C%22model_selection_logic%22%3A3%7D","https://down-id.img.susercontent.com/file/id-11134207-81ztd-mes3y1bsoz5z75","https://down-id.img.susercontent.com/file/id-11134258-82250-mkvvn2x0joqodc","EIGER X WOMEN BOULDER REEF PANTS 1.0","484.000","-5%","https://deo.shopeemobile.com/shopee/modules-federation/live/0/shopee__item-card-centralisation/0.1.11/pc/b4d1b8a78b3621dbdf4a.svg","Pilih Lokal","4.9","85 terjual"
"https://shopee.co.id/EIGER-WS-LORENTZ-XG-3L-JACKET-i.19260065.22075064389?extraParams=%7B%22display_model_id%22%3A204464721209%2C%22model_selection_logic%22%3A3%7D","https://down-id.img.susercontent.com/file/id-11134207-7qul0-ljp0sdtfjx9mf6","https://down-id.img.susercontent.com/file/id-11134258-82250-mkvvn2x0joqodc","EIGER WS LORENTZ XG 3L JACKET","1.349.500","-53%","https://deo.shopeemobile.com/shopee/modules-federation/live/0/shopee__item-card-centralisation/0.1.11/pc/b4d1b8a78b3621dbdf4a.svg","Pilih Lokal","4.7","37 terjual"
"https://shopee.co.id/EIGER-PANDURATA-QUILTED-VEST-i.19260065.42671595582?extraParams=%7B%22display_model_id%22%3A296759401816%2C%22model_selection_logic%22%3A3%7D","https://down-id.img.susercontent.com/file/id-11134207-81ztf-mf3obb3kgxzj6a","https://down-id.img.susercontent.com/file/id-11134258-82250-mkvvn2x0joqodc","EIGER PANDURATA QUILTED VEST","604.000","-4%","https://deo.shopeemobile.com/shopee/modules-federation/live/0/shopee__item-card-centralisation/0.1.11/pc/b4d1b8a78b3621dbdf4a.svg","Pilih Lokal","4.9","48 terjual"
"https://shopee.co.id/EIGER-WOMEN-BOUCLE-CARGO-PANTS-i.19260065.42425282414?extraParams=%7B%22display_model_id%22%3A272049854354%2C%22model_selection_logic%22%3A3%7D","https://down-id.img.susercontent.com/file/id-11134207-82250-mg38ou2ot6vdab","https://down-id.img.susercontent.com/file/id-11134258-82250-mkvvn2x0joqodc","EIGER WOMEN BOUCLE CARGO PANTS","374.000","-4%","https://deo.shopeemobile.com/shopee/modules-federation/live/0/shopee__item-card-centralisation/0.1.11/pc/b4d1b8a78b3621dbdf4a.svg","Pilih Lokal","5.0","43 terjual"
"https://shopee.co.id/EIGER-WS-HEATWAVE-PRO-JACKET-GREY-i.19260065.18576988148?extraParams=%7B%22display_model_id%22%3A194106965449%2C%22model_selection_logic%22%3A3%7D","https://down-id.img.susercontent.com/file/id-11134201-7qukx-leqzcllfjejm15","https://down-id.img.susercontent.com/file/id-11134258-82250-mkvvn2x0joqodc","EIGER WS HEATWAVE PRO JACKET GREY","2.524.000","-3%","https://deo.shopeemobile.com/shopee/modules-federation/live/0/shopee__item-card-centralisation/0.1.11/pc/b4d1b8a78b3621dbdf4a.svg","Pilih Lokal","4.9","38 terjual"
"https://shopee.co.id/EIGER-ACT-CORECOMFORT-WOMEN-ANKLE-LEGGING-PANTS-i.19260065.42200948560?extraParams=%7B%22display_model_id%22%3A275075245678%2C%22model_selection_logic%22%3A3%7D","https://down-id.img.susercontent.com/file/id-11134207-7rbka-m9yfnczcu98091","https://down-id.img.susercontent.com/file/id-11134258-82250-mkvvn2x0joqodc","EIGER ACT CORECOMFORT WOMEN ANKLE LEGGING PANTS","294.000","-2%","https://deo.shopeemobile.com/shopee/modules-federation/live/0/shopee__item-card-centralisation/0.1.11/pc/b4d1b8a78b3621dbdf4a.svg","Pilih Lokal","4.9","24 terjual"
"https://shopee.co.id/EIGER-VERTMOUNTRIDE-LS-TSHIRT-i.19260065.43600980421?extraParams=%7B%22display_model_id%22%3A285077235328%2C%22model_selection_logic%22%3A3%7D","https://down-id.img.susercontent.com/file/id-11134207-7rbk6-m9sg7edfnc7m5d","https://down-id.img.susercontent.com/file/id-11134258-82250-mkvvn2x0joqodc","EIGER VERTMOUNTRIDE LS TSHIRT","234.000","-2%","https://deo.shopeemobile.com/shopee/modules-federation/live/0/shopee__item-card-centralisation/0.1.11/pc/b4d1b8a78b3621dbdf4a.svg","Pilih Lokal","4.9","283 terjual"
"https://shopee.co.id/EIGER-ECHO-POLO-PRACTICAL-SS-i.19260065.28130762245?extraParams=%7B%22display_model_id%22%3A167060318067%2C%22model_selection_logic%22%3A3%7D","https://down-id.img.susercontent.com/file/id-11134207-7rbkc-m7rhyh39kxc1dd","https://down-id.img.susercontent.com/file/id-11134258-82250-mkvvn2x0joqodc","EIGER ECHO POLO PRACTICAL SS","274.000","-2%","https://deo.shopeemobile.com/shopee/modules-federation/live/0/shopee__item-card-centralisation/0.1.11/pc/b4d1b8a78b3621dbdf4a.svg","Pilih Lokal","4.8","170 terjual"
"https://shopee.co.id/EIGER-MENS-EQUATOR-SHIRT-2.0-LS-i.19260065.19344027372?extraParams=%7B%22display_model_id%22%3A136710360749%2C%22model_selection_logic%22%3A3%7D","https://down-id.img.susercontent.com/file/b105f637f8375284bc356a4e891514aa","https://down-id.img.susercontent.com/file/id-11134258-82250-mkvvn2x0joqodc","EIGER MENS EQUATOR SHIRT 2.0 LS","456.200","-23%","https://deo.shopeemobile.com/shopee/modules-federation/live/0/shopee__item-card-centralisation/0.1.11/pc/b4d1b8a78b3621dbdf4a.svg","Pilih Lokal","4.8","469 terjual"
"https://shopee.co.id/EIGER-MEN'S-EXPLORADOR-PANTS-i.19260065.26488253558?extraParams=%7B%22display_model_id%22%3A270594139762%2C%22model_selection_logic%22%3A3%7D","https://down-id.img.susercontent.com/file/id-11134207-7ra0i-mboyw9170lrn10","https://down-id.img.susercontent.com/file/id-11134258-82250-mkvvn2x0joqodc","EIGER MEN'S EXPLORADOR PANTS","416.200","-23%","https://deo.shopeemobile.com/shopee/modules-federation/live/0/shopee__item-card-centralisation/0.1.11/pc/b4d1b8a78b3621dbdf4a.svg","Pilih Lokal","5.0","45 terjual"
"https://shopee.co.id/EIGER-X-VERTIC-TREX-PANTS-i.19260065.56751768557?extraParams=%7B%22display_model_id%22%3A370164293170%2C%22model_selection_logic%22%3A3%7D","https://down-id.img.susercontent.com/file/id-11134207-8224u-mha0a7rjw1sf58","https://down-id.img.susercontent.com/file/id-11134258-82250-mkvvn2x0joqodc","EIGER X-VERTIC TREX PANTS","360.200","-23%","https://deo.shopeemobile.com/shopee/modules-federation/live/0/shopee__item-card-centralisation/0.1.11/pc/b4d1b8a78b3621dbdf4a.svg","Pilih Lokal","5.0","25 terjual"
"https://shopee.co.id/EIGER-RIDE-LIVE-LS-T-SHIRT-2.0-i.19260065.29603758710?extraParams=%7B%22display_model_id%22%3A205199501454%2C%22model_selection_logic%22%3A3%7D","https://down-id.img.susercontent.com/file/id-11134207-7r98w-lwz4sjoscenecf","https://down-id.img.susercontent.com/file/id-11134258-82250-mkvvn2x0joqodc","EIGER RIDE LIVE LS T-SHIRT 2.0","210.100","-12%","https://deo.shopeemobile.com/shopee/modules-federation/live/0/shopee__item-card-centralisation/0.1.11/pc/b4d1b8a78b3621dbdf4a.svg","Pilih Lokal","4.9","146 terjual"
"https://shopee.co.id/EIGER-WOMEN-FASCIA-T-SHIRT-SS-1.0-i.19260065.40150979472?extraParams=%7B%22display_model_id%22%3A305078348891%2C%22model_selection_logic%22%3A3%7D","https://down-id.img.susercontent.com/file/id-11134207-7rbk5-m9sh28qwsglp0f","https://down-id.img.susercontent.com/file/id-11134258-82250-mkvvn2x0joqodc","EIGER WOMEN FASCIA T-SHIRT SS 1.0","214.000","-2%","https://deo.shopeemobile.com/shopee/modules-federation/live/0/shopee__item-card-centralisation/0.1.11/pc/b4d1b8a78b3621dbdf4a.svg","Pilih Lokal","5.0","43 terjual"
"https://shopee.co.id/EIGER-GEOTERRAIN-T-SHIRT-LS-i.19260065.46908506925?extraParams=%7B%22display_model_id%22%3A287519450206%2C%22model_selection_logic%22%3A3%7D","https://down-id.img.susercontent.com/file/id-11134207-822wq-mmu3r5f0pse969","https://down-id.img.susercontent.com/file/id-11134258-82250-mkvvn2x0joqodc","EIGER GEOTERRAIN T-SHIRT LS","224.000","-2%","https://deo.shopeemobile.com/shopee/modules-federation/live/0/shopee__item-card-centralisation/0.1.11/pc/b4d1b8a78b3621dbdf4a.svg","Pilih Lokal","5.0","1 terjual"
"https://shopee.co.id/EIGER-SHORECAMP-VEST-i.19260065.16696044519?extraParams=%7B%22display_model_id%22%3A167860308776%2C%22model_selection_logic%22%3A3%7D","https://down-id.img.susercontent.com/file/id-11134207-7r992-lln1udrsyt53e0","https://down-id.img.susercontent.com/file/id-11134258-82250-mkvvn2x0joqodc","EIGER SHORECAMP VEST","504.000","-5%","https://deo.shopeemobile.com/shopee/modules-federation/live/0/shopee__item-card-centralisation/0.1.11/pc/b4d1b8a78b3621dbdf4a.svg","Pilih Lokal","4.9","295 terjual"
"https://shopee.co.id/EIGER-TIZ-LUMI-HOODIE-SWEATER-i.19260065.20972713326?extraParams=%7B%22display_model_id%22%3A230888348132%2C%22model_selection_logic%22%3A3%7D","https://down-id.img.susercontent.com/file/sg-11134201-23020-jxmbicma30mv9d","https://down-id.img.susercontent.com/file/id-11134258-82250-mkvvn2x0joqodc","EIGER TIZ LUMI HOODIE SWEATER","300.400","-41%","https://deo.shopeemobile.com/shopee/modules-federation/live/0/shopee__item-card-centralisation/0.1.11/pc/b4d1b8a78b3621dbdf4a.svg","Pilih Lokal","4.9","237 terjual"
"https://shopee.co.id/EIGER-VERT-89-CARGO-SHORT-PANTS-i.19260065.24394194700?extraParams=%7B%22display_model_id%22%3A234120758889%2C%22model_selection_logic%22%3A3%7D","https://down-id.img.susercontent.com/file/id-11134207-7rbk2-m8os8ptxz9xt07","https://down-id.img.susercontent.com/file/id-11134258-82250-mkvvn2x0joqodc","EIGER VERT 89 CARGO SHORT PANTS","281.300","-31%","https://deo.shopeemobile.com/shopee/modules-federation/live/0/shopee__item-card-centralisation/0.1.11/pc/b4d1b8a78b3621dbdf4a.svg","Pilih Lokal","4.9","33 terjual"
"https://shopee.co.id/EIGER-HILLWANDER-CARGO-SHORT-PANTS-i.19260065.26768394127?extraParams=%7B%22display_model_id%22%3A247086380570%2C%22model_selection_logic%22%3A3%7D","https://down-id.img.susercontent.com/file/id-11134207-7rasd-m2w69nxefzdh55","https://down-id.img.susercontent.com/file/id-11134258-82250-mkvvn2x0joqodc","EIGER HILLWANDER CARGO SHORT PANTS","384.000","-4%","https://deo.shopeemobile.com/shopee/modules-federation/live/0/shopee__item-card-centralisation/0.1.11/pc/b4d1b8a78b3621dbdf4a.svg","Pilih Lokal","4.9","188 terjual"
"https://shopee.co.id/EIGER-WOMEN-LUMINA-CULLOTES-PANTS-i.19260065.56458462929?extraParams=%7B%22display_model_id%22%3A307518487821%2C%22model_selection_logic%22%3A3%7D","https://down-id.img.susercontent.com/file/id-11134207-822wk-mmts20ne8f0o58","https://down-id.img.susercontent.com/file/id-11134258-82250-mkvvn2x0joqodc","EIGER WOMEN LUMINA CULLOTES PANTS","368.200","-23%","https://deo.shopeemobile.com/shopee/modules-federation/live/0/shopee__item-card-centralisation/0.1.11/pc/b4d1b8a78b3621dbdf4a.svg","Pilih Lokal","4.3","7 terjual"
"https://shopee.co.id/EIGER-ACT-AIRYLIGHT-SIGNATURE-WOMENS-TANK-TOP-i.19260065.53258311699?extraParams=%7B%22display_model_id%22%3A395738452657%2C%22model_selection_logic%22%3A3%7D","https://down-id.img.susercontent.com/file/id-11134207-822wm-mn41wknpboxw49","https://down-id.img.susercontent.com/file/id-11134258-82250-mkvvn2x0joqodc","EIGER ACT AIRYLIGHT SIGNATURE WOMENS TANK TOP","274.000","-2%","https://deo.shopeemobile.com/shopee/modules-federation/live/0/shopee__item-card-centralisation/0.1.11/pc/b4d1b8a78b3621dbdf4a.svg","Pilih Lokal","5.0","1 terjual"
"https://shopee.co.id/EIGER-CROCKER-JACKET-i.19260065.24902278162?extraParams=%7B%22display_model_id%22%3A176241775492%2C%22model_selection_logic%22%3A3%7D","https://down-id.img.susercontent.com/file/id-11134207-7r990-loovgjeyvkhn55","https://down-id.img.susercontent.com/file/id-11134258-82250-mkvvn2x0joqodc","EIGER CROCKER JACKET","336.400","-41%","https://deo.shopeemobile.com/shopee/modules-federation/live/0/shopee__item-card-centralisation/0.1.11/pc/b4d1b8a78b3621dbdf4a.svg","Pilih Lokal","4.9","38 terjual"
"https://shopee.co.id/EIGER-SEEKERS-HOODIE-WARMER-JACKET-i.19260065.28806490784?extraParams=%7B%22display_model_id%22%3A79796647830%2C%22model_selection_logic%22%3A3%7D","https://down-id.img.susercontent.com/file/id-11134207-7r98r-lya9km97dar185","https://down-id.img.susercontent.com/file/id-11134258-82250-mkvvn2x0joqodc","EIGER SEEKERS HOODIE WARMER JACKET","384.000","-4%","https://deo.shopeemobile.com/shopee/modules-federation/live/0/shopee__item-card-centralisation/0.1.11/pc/b4d1b8a78b3621dbdf4a.svg","Pilih Lokal","4.9","332 terjual"
"https://shopee.co.id/EIGER-JUNIOR-FIG-PYJAMAS-SHIRT-i.19260065.29734245578?extraParams=%7B%22display_model_id%22%3A178881128544%2C%22model_selection_logic%22%3A3%7D","https://down-id.img.susercontent.com/file/id-11134207-7rbk4-m8u9wcblz5ni21","https://down-id.img.susercontent.com/file/id-11134258-82250-mkvvn2x0joqodc","EIGER JUNIOR FIG PYJAMAS SHIRT","170.200","-22%","https://deo.shopeemobile.com/shopee/modules-federation/live/0/shopee__item-card-centralisation/0.1.11/pc/b4d1b8a78b3621dbdf4a.svg","Pilih Lokal","4.7","37 terjual"
"https://shopee.co.id/EIGER-WOMEN-RIDE-THE-RHYTHM-TEES-i.19260065.26894309843?extraParams=%7B%22display_model_id%22%3A415604186264%2C%22model_selection_logic%22%3A3%7D","https://down-id.img.susercontent.com/file/id-11134207-822wt-mlenh2r6rif9c3","https://down-id.img.susercontent.com/file/id-11134258-82250-mkvvn2x0joqodc","EIGER WOMEN RIDE THE RHYTHM TEES","204.000","-2%","https://deo.shopeemobile.com/shopee/modules-federation/live/0/shopee__item-card-centralisation/0.1.11/pc/b4d1b8a78b3621dbdf4a.svg","Pilih Lokal","5.0","60 terjual"
"https://shopee.co.id/EIGER-BUNAKEN-NATIONAL-PARK-TEES-i.19260065.21055918826?extraParams=%7B%22display_model_id%22%3A220049768681%2C%22model_selection_logic%22%3A3%7D","https://down-id.img.susercontent.com/file/sg-11134201-22100-kw1n5qcinuiv90","https://down-id.img.susercontent.com/file/id-11134258-82250-mkvvn2x0joqodc","EIGER BUNAKEN NATIONAL PARK TEES","150.400","-42%","https://deo.shopeemobile.com/shopee/modules-federation/live/0/shopee__item-card-centralisation/0.1.11/pc/b4d1b8a78b3621dbdf4a.svg","Pilih Lokal","5.0","244 terjual"
"https://shopee.co.id/EIGER-SEDONA-SHIRT-SS-i.19260065.21693054736?extraParams=%7B%22display_model_id%22%3A49348791393%2C%22model_selection_logic%22%3A3%7D","https://down-id.img.susercontent.com/file/id-11134207-7r98y-lllsov0y0ygha1","https://down-id.img.susercontent.com/file/id-11134258-82250-mkvvn2x0joqodc","EIGER SEDONA SHIRT SS","218.300","-32%","https://deo.shopeemobile.com/shopee/modules-federation/live/0/shopee__item-card-centralisation/0.1.11/pc/b4d1b8a78b3621dbdf4a.svg","Pilih Lokal","4.9","402 terjual"
"https://shopee.co.id/EIGER-WS-X-AQUAPURA-HARDSHELL-PANTS-i.19260065.9414996303?extraParams=%7B%22display_model_id%22%3A63691062550%2C%22model_selection_logic%22%3A3%7D","https://down-id.img.susercontent.com/file/6ab7dc6c1695e29211ce135a5f689c0c","https://down-id.img.susercontent.com/file/id-11134258-82250-mkvvn2x0joqodc","EIGER WS X-AQUAPURA HARDSHELL PANTS","1.424.000","-5%","https://deo.shopeemobile.com/shopee/modules-federation/live/0/shopee__item-card-centralisation/0.1.11/pc/b4d1b8a78b3621dbdf4a.svg","Pilih Lokal","4.7","33 terjual"
"https://shopee.co.id/EIGER-SHERMAN-SS-TACTICAL-TEES-i.19260065.24327877124?extraParams=%7B%22display_model_id%22%3A250751302743%2C%22model_selection_logic%22%3A3%7D","https://down-id.img.susercontent.com/file/id-11134207-7r990-lut2euqklmf0ad","https://down-id.img.susercontent.com/file/id-11134258-82250-mkvvn2x0joqodc","EIGER SHERMAN SS TACTICAL TEES","194.000","-3%","https://deo.shopeemobile.com/shopee/modules-federation/live/0/shopee__item-card-centralisation/0.1.11/pc/b4d1b8a78b3621dbdf4a.svg","Pilih Lokal","4.9","666 terjual"
"https://shopee.co.id/EIGER-WS-WOMENS-STRYKER-4-SHORT-1.0-i.19260065.23472830411?extraParams=%7B%22display_model_id%22%3A99392402686%2C%22model_selection_logic%22%3A3%7D","https://down-id.img.susercontent.com/file/id-11134207-7quky-liv1a3ncbai5ae","https://down-id.img.susercontent.com/file/id-11134258-82250-mkvvn2x0joqodc","EIGER WS WOMENS STRYKER 4 SHORT 1.0","494.000","-5%","https://deo.shopeemobile.com/shopee/modules-federation/live/0/shopee__item-card-centralisation/0.1.11/pc/b4d1b8a78b3621dbdf4a.svg","Pilih Lokal","4.5","28 terjual"
"https://shopee.co.id/EIGER-TAKIAN-2.2-SHIRT-LS-i.19260065.24619143023?extraParams=%7B%22display_model_id%22%3A217375324229%2C%22model_selection_logic%22%3A3%7D","https://down-id.img.susercontent.com/file/id-11134207-7r98y-lsw2o4c97lh55e","https://down-id.img.susercontent.com/file/id-11134258-82250-mkvvn2x0joqodc","EIGER TAKIAN 2.2 SHIRT LS","267.300","-31%","https://deo.shopeemobile.com/shopee/modules-federation/live/0/shopee__item-card-centralisation/0.1.11/pc/b4d1b8a78b3621dbdf4a.svg","Pilih Lokal","5.0","287 terjual"
"https://shopee.co.id/EIGER-ROCK-WARRIORS-T-SHIRT-i.19260065.41052623313?extraParams=%7B%22display_model_id%22%3A290216497645%2C%22model_selection_logic%22%3A3%7D","https://down-id.img.susercontent.com/file/id-11134207-7rbk3-madk5ilp21f866","https://down-id.img.susercontent.com/file/id-11134258-82250-mkvvn2x0joqodc","EIGER ROCK WARRIORS T-SHIRT","194.000","-3%","https://deo.shopeemobile.com/shopee/modules-federation/live/0/shopee__item-card-centralisation/0.1.11/pc/b4d1b8a78b3621dbdf4a.svg","Pilih Lokal","4.9","112 terjual"
"https://shopee.co.id/EIGER-WS-NAYA-HIPSTER-UNDIES-i.19260065.18587379578?extraParams=%7B%22display_model_id%22%3A49396865322%2C%22model_selection_logic%22%3A3%7D","https://down-id.img.susercontent.com/file/id-11134207-7r98z-lrsflv63l6yhbf","https://down-id.img.susercontent.com/file/id-11134258-82250-mkvvn2x0joqodc","EIGER WS NAYA HIPSTER UNDIES","119.000","","","Pilih Lokal","5.0","79 terjual"
"https://shopee.co.id/EIGER-NEWBURGH-FLANNEL-SHIRT-i.19260065.23885941049?extraParams=%7B%22display_model_id%22%3A214735202012%2C%22model_selection_logic%22%3A3%7D","https://down-id.img.susercontent.com/file/id-11134207-7r98y-lntfz882sm15a6","https://down-id.img.susercontent.com/file/id-11134258-82250-mkvvn2x0joqodc","EIGER NEWBURGH FLANNEL SHIRT","302.300","-31%","https://deo.shopeemobile.com/shopee/modules-federation/live/0/shopee__item-card-centralisation/0.1.11/pc/b4d1b8a78b3621dbdf4a.svg","Pilih Lokal","4.9","289 terjual"
"https://shopee.co.id/EIGER-BOWLAND-POLOSHIRT-SS-i.19260065.41656843255?extraParams=%7B%22display_model_id%22%3A305578530850%2C%22model_selection_logic%22%3A3%7D","https://down-id.img.susercontent.com/file/id-11134207-7ra0q-mbnotzcjgt1wc9","https://down-id.img.susercontent.com/file/id-11134258-82250-mkvvn2x0joqodc","EIGER BOWLAND POLOSHIRT SS","180.400","-42%","https://deo.shopeemobile.com/shopee/modules-federation/live/0/shopee__item-card-centralisation/0.1.11/pc/b4d1b8a78b3621dbdf4a.svg","Pilih Lokal","5.0","94 terjual"
"https://shopee.co.id/EIGER-FIGHTER-TACTICAL-POLO-2TONE-i.19260065.29760431923?extraParams=%7B%22display_model_id%22%3A251542482874%2C%22model_selection_logic%22%3A3%7D","https://down-id.img.susercontent.com/file/id-11134207-7r98w-lzufx8r65vq65b","https://down-id.img.susercontent.com/file/id-11134258-82250-mkvvn2x0joqodc","EIGER FIGHTER TACTICAL POLO 2TONE","234.200","-22%","https://deo.shopeemobile.com/shopee/modules-federation/live/0/shopee__item-card-centralisation/0.1.11/pc/b4d1b8a78b3621dbdf4a.svg","Pilih Lokal","4.9","170 terjual"
"https://shopee.co.id/EIGER-AUTRA-INSULATED-JACKET-i.19260065.51105977949?extraParams=%7B%22display_model_id%22%3A355542968463%2C%22model_selection_logic%22%3A3%7D","https://down-id.img.susercontent.com/file/id-11134207-8224s-mkhm2g15au4of3","https://down-id.img.susercontent.com/file/id-11134258-82250-mkvvn2x0joqodc","EIGER AUTRA INSULATED JACKET","634.000","-4%","https://deo.shopeemobile.com/shopee/modules-federation/live/0/shopee__item-card-centralisation/0.1.11/pc/b4d1b8a78b3621dbdf4a.svg","Pilih Lokal","5.0","125 terjual"
"https://shopee.co.id/EIGER-JUNIOR-TAKIAN-SHIRT-LS-i.19260065.27034254165?extraParams=%7B%22display_model_id%22%3A234139273145%2C%22model_selection_logic%22%3A3%7D","https://down-id.img.susercontent.com/file/id-11134207-7rbk7-m8ubhyg1yrk274","https://down-id.img.susercontent.com/file/id-11134258-82250-mkvvn2x0joqodc","EIGER JUNIOR TAKIAN SHIRT LS","244.000","-2%","https://deo.shopeemobile.com/shopee/modules-federation/live/0/shopee__item-card-centralisation/0.1.11/pc/b4d1b8a78b3621dbdf4a.svg","Pilih Lokal","5.0","36 terjual"
"https://shopee.co.id/EIGER-ACT-CORECOMFORT-WOMEN-BRA-i.19260065.44100948532?extraParams=%7B%22display_model_id%22%3A280075244692%2C%22model_selection_logic%22%3A3%7D","https://down-id.img.susercontent.com/file/id-11134207-8224u-mjqiwr7qydqfcc","https://down-id.img.susercontent.com/file/id-11134258-82250-mkvvn2x0joqodc","EIGER ACT CORECOMFORT WOMEN BRA","294.000","-2%","https://deo.shopeemobile.com/shopee/modules-federation/live/0/shopee__item-card-centralisation/0.1.11/pc/b4d1b8a78b3621dbdf4a.svg","Pilih Lokal","5.0","29 terjual"
"https://shopee.co.id/EIGER-ACT-A-DAPT-BREEZEFIT-WOMEN-CROP-TOP-i.19260065.43901443793?extraParams=%7B%22display_model_id%22%3A270117542798%2C%22model_selection_logic%22%3A3%7D","https://down-id.img.susercontent.com/file/id-11134207-7rbk0-m9yiwsxa17fxff","https://down-id.img.susercontent.com/file/id-11134258-82250-mkvvn2x0joqodc","EIGER ACT A-DAPT BREEZEFIT WOMEN CROP TOP","174.000","-3%","https://deo.shopeemobile.com/shopee/modules-federation/live/0/shopee__item-card-centralisation/0.1.11/pc/b4d1b8a78b3621dbdf4a.svg","Pilih Lokal","4.9 Penilaian Toko",""
"https://shopee.co.id/EIGER-WS-HARLOW-WORKWEAR-PANTS-i.19260065.26801828994?extraParams=%7B%22display_model_id%22%3A240959818403%2C%22model_selection_logic%22%3A3%7D","https://down-id.img.susercontent.com/file/id-11134207-7r98u-lw56x16f67st94","https://down-id.img.susercontent.com/file/id-11134258-82250-mkvvn2x0joqodc","EIGER WS HARLOW WORKWEAR PANTS","564.000","-4%","https://deo.shopeemobile.com/shopee/modules-federation/live/0/shopee__item-card-centralisation/0.1.11/pc/b4d1b8a78b3621dbdf4a.svg","Pilih Lokal","5.0","63 terjual"
"https://shopee.co.id/EIGER-X-ON-THE-ROAD-TEES-i.19260065.24957183922?extraParams=%7B%22display_model_id%22%3A214860167165%2C%22model_selection_logic%22%3A3%7D","https://down-id.img.susercontent.com/file/id-11134207-7r98p-lq8j6oauvxfcd3","https://down-id.img.susercontent.com/file/id-11134258-82250-mkvvn2x0joqodc","EIGER X ON THE ROAD TEES","234.000","-2%","https://deo.shopeemobile.com/shopee/modules-federation/live/0/shopee__item-card-centralisation/0.1.11/pc/b4d1b8a78b3621dbdf4a.svg","Pilih Lokal","4.9","191 terjual"
"https://shopee.co.id/EIGER-WAVESHORT-BOARDSHORT-i.19260065.43877277709?extraParams=%7B%22display_model_id%22%3A405304584242%2C%22model_selection_logic%22%3A3%7D","https://down-id.img.susercontent.com/file/id-11134207-8224v-mibbu026hiwy7a","https://down-id.img.susercontent.com/file/id-11134258-82250-mkvvn2x0joqodc","EIGER WAVESHORT BOARDSHORT","214.000","-2%","https://deo.shopeemobile.com/shopee/modules-federation/live/0/shopee__item-card-centralisation/0.1.11/pc/b4d1b8a78b3621dbdf4a.svg","Pilih Lokal","5.0","91 terjual"
"https://shopee.co.id/EIGER-NEWBRUGH-SHORTS-i.19260065.17598265402?extraParams=%7B%22display_model_id%22%3A166013362442%2C%22model_selection_logic%22%3A3%7D","https://down-id.img.susercontent.com/file/id-11134207-7qul2-ljp4g5uwwspzc6","https://down-id.img.susercontent.com/file/id-11134258-82250-mkvvn2x0joqodc","EIGER NEWBRUGH SHORTS","234.400","-41%","https://deo.shopeemobile.com/shopee/modules-federation/live/0/shopee__item-card-centralisation/0.1.11/pc/b4d1b8a78b3621dbdf4a.svg","Pilih Lokal","4.9","140 terjual"
"https://shopee.co.id/EIGER-TAKA-BONERATE-NP-SS-TEES-i.19260065.20355919841?extraParams=%7B%22display_model_id%22%3A174821182200%2C%22model_selection_logic%22%3A3%7D","https://down-id.img.susercontent.com/file/sg-11134201-22100-qbnqaqcinuiv06","https://down-id.img.susercontent.com/file/id-11134258-82250-mkvvn2x0joqodc","EIGER TAKA BONERATE NP SS TEES","150.400","-42%","https://deo.shopeemobile.com/shopee/modules-federation/live/0/shopee__item-card-centralisation/0.1.11/pc/b4d1b8a78b3621dbdf4a.svg","Pilih Lokal","4.9","182 terjual"
"https://shopee.co.id/EIGER-MEN'S-TERRA-STRYKE-SHORTS-i.19260065.28516096583?extraParams=%7B%22display_model_id%22%3A217932689878%2C%22model_selection_logic%22%3A3%7D","https://down-id.img.susercontent.com/file/id-11134207-7rasd-m20hzh1dznr13e","https://down-id.img.susercontent.com/file/id-11134258-82250-mkvvn2x0joqodc","EIGER MEN'S TERRA STRYKE SHORTS","439.300","-32%","https://deo.shopeemobile.com/shopee/modules-federation/live/0/shopee__item-card-centralisation/0.1.11/pc/b4d1b8a78b3621dbdf4a.svg","Pilih Lokal","4.9","84 terjual"
"https://shopee.co.id/EIGER-STRENUOUS-WINDPROOF-VEST-i.19260065.25697405249?extraParams=%7B%22display_model_id%22%3A286912304893%2C%22model_selection_logic%22%3A3%7D","https://down-id.img.susercontent.com/file/id-11134207-822ws-mnmkq4m8zair1d","https://down-id.img.susercontent.com/file/id-11134258-82250-mkvvn2x0joqodc","EIGER STRENUOUS  WINDPROOF VEST","494.000","-5%","https://deo.shopeemobile.com/shopee/modules-federation/live/0/shopee__item-card-centralisation/0.1.11/pc/b4d1b8a78b3621dbdf4a.svg","Pilih Lokal","4.8","109 terjual"
"https://shopee.co.id/EIGER-WS-SWIFT-SS-TEES-i.19260065.24430289079?extraParams=%7B%22display_model_id%22%3A178201103068%2C%22model_selection_logic%22%3A3%7D","https://down-id.img.susercontent.com/file/id-11134207-7r98y-lv8fe6jrz3ewef","https://down-id.img.susercontent.com/file/id-11134258-82250-mkvvn2x0joqodc","EIGER WS SWIFT SS TEES","184.000","-3%","https://deo.shopeemobile.com/shopee/modules-federation/live/0/shopee__item-card-centralisation/0.1.11/pc/b4d1b8a78b3621dbdf4a.svg","Pilih Lokal","4.9","43 terjual"
"https://shopee.co.id/EIGER-MENS-X-CARBINE-SS-SHIRT-i.19260065.28310432755?extraParams=%7B%22display_model_id%22%3A49461293071%2C%22model_selection_logic%22%3A3%7D","https://down-id.img.susercontent.com/file/id-11134207-7r98u-lzufx8r632so2d","https://down-id.img.susercontent.com/file/id-11134258-82250-mkvvn2x0joqodc","EIGER MENS X-CARBINE SS SHIRT","384.000","-4%","https://deo.shopeemobile.com/shopee/modules-federation/live/0/shopee__item-card-centralisation/0.1.11/pc/b4d1b8a78b3621dbdf4a.svg","Pilih Lokal","4.7","176 terjual"
"https://shopee.co.id/EIGER-WS-COSMIA-LS-T-SHIRT-i.19260065.27307698517?extraParams=%7B%22display_model_id%22%3A233093473517%2C%22model_selection_logic%22%3A3%7D","https://down-id.img.susercontent.com/file/id-11134207-7r98x-lyubg35ywmvvb0","https://down-id.img.susercontent.com/file/id-11134258-82250-mkvvn2x0joqodc","EIGER WS COSMIA LS T-SHIRT","170.200","-22%","https://deo.shopeemobile.com/shopee/modules-federation/live/0/shopee__item-card-centralisation/0.1.11/pc/b4d1b8a78b3621dbdf4a.svg","Pilih Lokal","5.0","115 terjual"
"https://shopee.co.id/EIGER-ALTO-HIKE-PANTS-i.19260065.27851836850?extraParams=%7B%22display_model_id%22%3A187559846192%2C%22model_selection_logic%22%3A3%7D","https://down-id.img.susercontent.com/file/id-11134207-7r98t-lw56x16fen58ba","https://down-id.img.susercontent.com/file/id-11134258-82250-mkvvn2x0joqodc","EIGER ALTO HIKE PANTS","634.000","-4%","https://deo.shopeemobile.com/shopee/modules-federation/live/0/shopee__item-card-centralisation/0.1.11/pc/b4d1b8a78b3621dbdf4a.svg","Pilih Lokal","4.9","118 terjual"
"https://shopee.co.id/EIGER-BRACKEN-OVERSHIRT-JACKET-i.19260065.26579434351?extraParams=%7B%22display_model_id%22%3A242874182398%2C%22model_selection_logic%22%3A3%7D","https://down-id.img.susercontent.com/file/id-11134207-7rbk7-m7angjsikiad96","https://down-id.img.susercontent.com/file/id-11134258-82250-mkvvn2x0joqodc","EIGER BRACKEN OVERSHIRT JACKET","348.768","-33%","https://deo.shopeemobile.com/shopee/modules-federation/live/0/shopee__item-card-centralisation/0.1.11/pc/b4d1b8a78b3621dbdf4a.svg","Pilih Lokal","5.0","77 terjual"
"https://shopee.co.id/EIGER-WOMEN-KNIEVEL-TRACK-PANTS-i.19260065.50802645061?extraParams=%7B%22display_model_id%22%3A249110669464%2C%22model_selection_logic%22%3A3%7D","https://down-id.img.susercontent.com/file/id-11134207-8224p-mhvrbqupdloicb","https://down-id.img.susercontent.com/file/id-11134258-82250-mkvvn2x0joqodc","EIGER WOMEN KNIEVEL TRACK PANTS","454.000","-3%","https://deo.shopeemobile.com/shopee/modules-federation/live/0/shopee__item-card-centralisation/0.1.11/pc/b4d1b8a78b3621dbdf4a.svg","Pilih Lokal","5.0","23 terjual"
"https://shopee.co.id/EIGER-MEN'S-EQUATOR-2L-1.0-JACKET-i.19260065.58100359492?extraParams=%7B%22display_model_id%22%3A380034316968%2C%22model_selection_logic%22%3A3%7D","https://down-id.img.susercontent.com/file/id-11134207-82250-mgey4nj4marud6","https://down-id.img.susercontent.com/file/id-11134258-82250-mkvvn2x0joqodc","EIGER MEN'S EQUATOR 2L 1.0 JACKET","899.000","-5%","https://deo.shopeemobile.com/shopee/modules-federation/live/0/shopee__item-card-centralisation/0.1.11/pc/b4d1b8a78b3621dbdf4a.svg","Pilih Lokal","4.9","204 terjual"
"https://shopee.co.id/EIGER-X-ARISE-RIDE-T-SHIRT-i.19260065.8939355177?extraParams=%7B%22display_model_id%22%3A297295984845%2C%22model_selection_logic%22%3A3%7D","https://down-id.img.susercontent.com/file/id-11134207-82251-mitmq5c03ifc9d","https://down-id.img.susercontent.com/file/id-11134258-82250-mkvvn2x0joqodc","EIGER X-ARISE RIDE T-SHIRT","214.000","-2%","https://deo.shopeemobile.com/shopee/modules-federation/live/0/shopee__item-card-centralisation/0.1.11/pc/b4d1b8a78b3621dbdf4a.svg","Pilih Lokal","4.9","2RB+ terjual"
"https://shopee.co.id/EIGER-WS-X-GO-GETTER-ANKLE-PANTS-1.0-i.19260065.24074156794?extraParams=%7B%22display_model_id%22%3A255635717578%2C%22model_selection_logic%22%3A3%7D","https://down-id.img.susercontent.com/file/id-11134207-7r98u-lu4lsazkr8gk47","https://down-id.img.susercontent.com/file/id-11134258-82250-mkvvn2x0joqodc","EIGER WS X GO GETTER ANKLE PANTS 1.0","344.000","-1%","https://deo.shopeemobile.com/shopee/modules-federation/live/0/shopee__item-card-centralisation/0.1.11/pc/b4d1b8a78b3621dbdf4a.svg","Pilih Lokal","4.9","128 terjual"
"https://shopee.co.id/EIGER-RAVA-1.0-F1-SHORTS-i.19260065.23724918234?extraParams=%7B%22display_model_id%22%3A213870334582%2C%22model_selection_logic%22%3A3%7D","https://down-id.img.susercontent.com/file/id-11134201-23020-82dn8ls0wlnv0d","https://down-id.img.susercontent.com/file/id-11134258-82250-mkvvn2x0joqodc","EIGER RAVA 1.0 F1 SHORTS","344.640","-4%","https://deo.shopeemobile.com/shopee/modules-federation/live/0/shopee__item-card-centralisation/0.1.11/pc/b4d1b8a78b3621dbdf4a.svg","Pilih Lokal","4.9","288 terjual"
"https://shopee.co.id/EIGER-WS-KAUWELA-CARGO-PANTS-i.19260065.28070154618?extraParams=%7B%22display_model_id%22%3A233931373680%2C%22model_selection_logic%22%3A3%7D","https://down-id.img.susercontent.com/file/id-11134207-7rasf-m3kisiogvjdv64","https://down-id.img.susercontent.com/file/id-11134258-82250-mkvvn2x0joqodc","EIGER WS KAUWELA CARGO PANTS","298.200","-21%","https://deo.shopeemobile.com/shopee/modules-federation/live/0/shopee__item-card-centralisation/0.1.11/pc/b4d1b8a78b3621dbdf4a.svg","Pilih Lokal","4.8","131 terjual"
"https://shopee.co.id/EIGER-WOMEN-BARRA-MANSA-1.0-OVERALL-i.19260065.40000219044?extraParams=%7B%22display_model_id%22%3A227809764864%2C%22model_selection_logic%22%3A3%7D","https://down-id.img.susercontent.com/file/id-11134207-81ztj-mdya1aah1fyd01","https://down-id.img.susercontent.com/file/id-11134258-82250-mkvvn2x0joqodc","EIGER WOMEN BARRA MANSA 1.0 OVERALL","348.768","-33%","https://deo.shopeemobile.com/shopee/modules-federation/live/0/shopee__item-card-centralisation/0.1.11/pc/b4d1b8a78b3621dbdf4a.svg","Pilih Lokal","4.9","64 terjual"
"https://shopee.co.id/EIGER-NEW-MADRAS-SHIRT-i.19260065.25611979568?extraParams=%7B%22display_model_id%22%3A255303062390%2C%22model_selection_logic%22%3A3%7D","https://down-id.img.susercontent.com/file/id-11134207-7r98z-lr8fjunxmbndec","https://down-id.img.susercontent.com/file/id-11134258-82250-mkvvn2x0joqodc","EIGER NEW MADRAS SHIRT","266.200","-21%","https://deo.shopeemobile.com/shopee/modules-federation/live/0/shopee__item-card-centralisation/0.1.11/pc/b4d1b8a78b3621dbdf4a.svg","Pilih Lokal","4.9","172 terjual"
"https://shopee.co.id/EIGER-ACT-FUNFUSION-PANTS-i.19260065.26836593466?extraParams=%7B%22display_model_id%22%3A258421741957%2C%22model_selection_logic%22%3A3%7D","https://down-id.img.susercontent.com/file/id-11134207-7rbkb-m9zd5wok14qb54","https://down-id.img.susercontent.com/file/id-11134258-82250-mkvvn2x0joqodc","EIGER ACT FUNFUSION PANTS","624.000","-4%","https://deo.shopeemobile.com/shopee/modules-federation/live/0/shopee__item-card-centralisation/0.1.11/pc/b4d1b8a78b3621dbdf4a.svg","Pilih Lokal","5.0","27 terjual"
"https://shopee.co.id/EIGER-WOMEN-LAVEN-SWEATPANTS-i.19260065.45556260924?extraParams=%7B%22display_model_id%22%3A380565540618%2C%22model_selection_logic%22%3A3%7D","https://down-id.img.susercontent.com/file/id-11134207-8224o-mkrn1i1f98ufac","https://down-id.img.susercontent.com/file/id-11134258-82250-mkvvn2x0joqodc","EIGER WOMEN LAVEN SWEATPANTS","374.000","-4%","https://deo.shopeemobile.com/shopee/modules-federation/live/0/shopee__item-card-centralisation/0.1.11/pc/b4d1b8a78b3621dbdf4a.svg","Pilih Lokal","5.0","7 terjual"
"https://shopee.co.id/EIGER-WS-VARSHA-ANORAK-JACKET-i.19260065.24672424529?extraParams=%7B%22display_model_id%22%3A250584198676%2C%22model_selection_logic%22%3A3%7D","https://down-id.img.susercontent.com/file/id-11134207-7r98u-ltowtfn1sq2qec","https://down-id.img.susercontent.com/file/id-11134258-82250-mkvvn2x0joqodc","EIGER WS VARSHA ANORAK JACKET","484.000","-3%","https://deo.shopeemobile.com/shopee/modules-federation/live/0/shopee__item-card-centralisation/0.1.11/pc/b4d1b8a78b3621dbdf4a.svg","Pilih Lokal","5.0","125 terjual"
"https://shopee.co.id/EIGER-MS-FINDERS-PRO-INSULATE-JACKET-i.19260065.23634530181?extraParams=%7B%22display_model_id%22%3A231325210399%2C%22model_selection_logic%22%3A3%7D","https://down-id.img.susercontent.com/file/id-11134201-7qukw-leqy4eqtk05rf3","https://down-id.img.susercontent.com/file/id-11134258-82250-mkvvn2x0joqodc","EIGER MS FINDERS PRO INSULATE JACKET","1.904.400","-42%","https://deo.shopeemobile.com/shopee/modules-federation/live/0/shopee__item-card-centralisation/0.1.11/pc/b4d1b8a78b3621dbdf4a.svg","Pilih Lokal","4.9","36 terjual"
"https://shopee.co.id/EIGER-VERT-89-CARGO-LONGPANTS-i.19260065.41554997883?extraParams=%7B%22display_model_id%22%3A265424161740%2C%22model_selection_logic%22%3A3%7D","https://down-id.img.susercontent.com/file/id-11134207-7ra0t-mb4zophqlejd8b","https://down-id.img.susercontent.com/file/id-11134258-82250-mkvvn2x0joqodc","EIGER VERT 89 CARGO LONGPANTS","323.300","-31%","https://deo.shopeemobile.com/shopee/modules-federation/live/0/shopee__item-card-centralisation/0.1.11/pc/b4d1b8a78b3621dbdf4a.svg","Pilih Lokal","4.9","38 terjual"
"https://shopee.co.id/EIGER-TALA-ANKLE-PANTS-i.19260065.43100860831?extraParams=%7B%22display_model_id%22%3A258419380904%2C%22model_selection_logic%22%3A3%7D","https://down-id.img.susercontent.com/file/id-11134207-7rbk3-m9r2hz9dapky96","https://down-id.img.susercontent.com/file/id-11134258-82250-mkvvn2x0joqodc","EIGER TALA ANKLE PANTS","344.300","-31%","https://deo.shopeemobile.com/shopee/modules-federation/live/0/shopee__item-card-centralisation/0.1.11/pc/b4d1b8a78b3621dbdf4a.svg","Pilih Lokal","5.0","50 terjual"
"https://shopee.co.id/EIGER-TRAILHIKERS-CNVRT-PANTS-i.19260065.23676711919?extraParams=%7B%22display_model_id%22%3A225516038443%2C%22model_selection_logic%22%3A3%7D","https://down-id.img.susercontent.com/file/id-11134207-7qula-lkf1rb190drq1e","https://down-id.img.susercontent.com/file/id-11134258-82250-mkvvn2x0joqodc","EIGER TRAILHIKERS CNVRT PANTS","432.300","-32%","https://deo.shopeemobile.com/shopee/modules-federation/live/0/shopee__item-card-centralisation/0.1.11/pc/b4d1b8a78b3621dbdf4a.svg","Pilih Lokal","4.9","170 terjual"
"https://shopee.co.id/EIGER-BOGOTA-1.0-WORK-JACKET-i.19260065.43265674158?extraParams=%7B%22display_model_id%22%3A281290842536%2C%22model_selection_logic%22%3A3%7D","https://down-id.img.susercontent.com/file/id-11134207-81zti-mdzpzo9qq7szbb","https://down-id.img.susercontent.com/file/id-11134258-82250-mkvvn2x0joqodc","EIGER BOGOTA 1.0 WORK JACKET","432.300","-32%","https://deo.shopeemobile.com/shopee/modules-federation/live/0/shopee__item-card-centralisation/0.1.11/pc/b4d1b8a78b3621dbdf4a.svg","Pilih Lokal","5.0","127 terjual"
"https://shopee.co.id/EIGER-WS-BRAWLER-SS-POLO-SHIRTS-i.19260065.24078424406?extraParams=%7B%22display_model_id%22%3A245764573120%2C%22model_selection_logic%22%3A3%7D","https://down-id.img.susercontent.com/file/id-11134207-7r992-luvv4q6vfino99","https://down-id.img.susercontent.com/file/id-11134258-82250-mkvvn2x0joqodc","EIGER WS BRAWLER SS POLO SHIRTS","131.350","-45%","","Pilih Lokal","5.0","37 terjual"
"https://shopee.co.id/EIGER-X-SHOOTER-TAC-CARGO-SHORTS-i.19260065.27424870915?extraParams=%7B%22display_model_id%22%3A233761851768%2C%22model_selection_logic%22%3A3%7D","https://down-id.img.susercontent.com/file/id-11134207-7rasa-m5o7mgdbef46c8","https://down-id.img.susercontent.com/file/id-11134258-82250-mkvvn2x0joqodc","EIGER X-SHOOTER TAC CARGO SHORTS","404.300","-33%","https://deo.shopeemobile.com/shopee/modules-federation/live/0/shopee__item-card-centralisation/0.1.11/pc/b4d1b8a78b3621dbdf4a.svg","Pilih Lokal","5.0","107 terjual"
"https://shopee.co.id/EIGER-X-WOMEN-HAILEY-SS-TEE-i.19260065.42756564993?extraParams=%7B%22display_model_id%22%3A138363520215%2C%22model_selection_logic%22%3A3%7D","https://down-id.img.susercontent.com/file/id-11134207-7ra0r-mbkb9a81ptpp6a","https://down-id.img.susercontent.com/file/id-11134258-82250-mkvvn2x0joqodc","EIGER X- WOMEN HAILEY SS TEE","174.000","-3%","https://deo.shopeemobile.com/shopee/modules-federation/live/0/shopee__item-card-centralisation/0.1.11/pc/b4d1b8a78b3621dbdf4a.svg","Pilih Lokal","4.8","84 terjual"
"https://shopee.co.id/EIGER-X-WOMEN-KADASSA-MAXI-PINAFORE-DRESS-i.19260065.24544338336?extraParams=%7B%22display_model_id%22%3A243245620139%2C%22model_selection_logic%22%3A3%7D","https://down-id.img.susercontent.com/file/id-11134207-7rbk9-mai7frnptnvi94","https://down-id.img.susercontent.com/file/id-11134258-82250-mkvvn2x0joqodc","EIGER X WOMEN KADASSA MAXI PINAFORE DRESS","330.200","-21%","https://deo.shopeemobile.com/shopee/modules-federation/live/0/shopee__item-card-centralisation/0.1.11/pc/b4d1b8a78b3621dbdf4a.svg","Pilih Lokal","4.8","63 terjual"
"https://shopee.co.id/EIGER-KNIEVEL-TRACK-PANTS-i.19260065.4997849477?extraParams=%7B%22display_model_id%22%3A296942378497%2C%22model_selection_logic%22%3A3%7D","https://down-id.img.susercontent.com/file/id-11134207-8224o-mfryy0zoe0wa4d","https://down-id.img.susercontent.com/file/id-11134258-82250-mkvvn2x0joqodc","EIGER KNIEVEL TRACK PANTS","474.000","-3%","https://deo.shopeemobile.com/shopee/modules-federation/live/0/shopee__item-card-centralisation/0.1.11/pc/b4d1b8a78b3621dbdf4a.svg","Pilih Lokal","4.9","731 terjual"
"https://shopee.co.id/EIGER-WS-TRISHA-QUILTED-JACKET-i.19260065.25672483649?extraParams=%7B%22display_model_id%22%3A240586247753%2C%22model_selection_logic%22%3A3%7D","https://down-id.img.susercontent.com/file/id-11134207-7r98r-ltq3u4ko8wsi06","https://down-id.img.susercontent.com/file/id-11134258-82250-mkvvn2x0joqodc","EIGER WS TRISHA QUILTED JACKET","674.000","-4%","https://deo.shopeemobile.com/shopee/modules-federation/live/0/shopee__item-card-centralisation/0.1.11/pc/b4d1b8a78b3621dbdf4a.svg","Pilih Lokal","5.0","31 terjual"
"https://shopee.co.id/EIGER-MS-LORENTZ-XG-3L-JACKET-i.19260065.22070340305?extraParams=%7B%22display_model_id%22%3A138643864358%2C%22model_selection_logic%22%3A3%7D","https://down-id.img.susercontent.com/file/id-11134207-7qula-lhr1pcy4huycd3","https://down-id.img.susercontent.com/file/id-11134258-82250-mkvvn2x0joqodc","EIGER MS LORENTZ XG 3L JACKET","2.824.000","-3%","https://deo.shopeemobile.com/shopee/modules-federation/live/0/shopee__item-card-centralisation/0.1.11/pc/b4d1b8a78b3621dbdf4a.svg","Pilih Lokal","4.9","66 terjual"
"https://shopee.co.id/EIGER-MENS-EVOTECH-XC-2.0-LS-SHIRT-i.19260065.22975063558?extraParams=%7B%22display_model_id%22%3A216914441910%2C%22model_selection_logic%22%3A3%7D","https://down-id.img.susercontent.com/file/id-11134207-7qul9-ljp0sdt5ahz3f9","https://down-id.img.susercontent.com/file/id-11134258-82250-mkvvn2x0joqodc","EIGER MENS EVOTECH XC 2.0 LS SHIRT","362.400","-42%","https://deo.shopeemobile.com/shopee/modules-federation/live/0/shopee__item-card-centralisation/0.1.11/pc/b4d1b8a78b3621dbdf4a.svg","Pilih Lokal","4.9","132 terjual"
"https://shopee.co.id/EIGER-VERTMOUNTRIDE-HOODIE-SWEATER-i.19260065.41507268683?extraParams=%7B%22display_model_id%22%3A237919878219%2C%22model_selection_logic%22%3A3%7D","https://down-id.img.susercontent.com/file/id-11134207-7ra0r-mbrlv8wevjra39","https://down-id.img.susercontent.com/file/id-11134258-82250-mkvvn2x0joqodc","EIGER VERTMOUNTRIDE HOODIE SWEATER","494.000","-5%","https://deo.shopeemobile.com/shopee/modules-federation/live/0/shopee__item-card-centralisation/0.1.11/pc/b4d1b8a78b3621dbdf4a.svg","Pilih Lokal","4.9","186 terjual"
"https://shopee.co.id/EIGER-WS-FORTUNE-PRINTED-SHIRT-i.19260065.26854409170?extraParams=%7B%22display_model_id%22%3A226508023814%2C%22model_selection_logic%22%3A3%7D","https://down-id.img.susercontent.com/file/id-11134207-7r990-lx9hhuo4l2gc91","https://down-id.img.susercontent.com/file/id-11134258-82250-mkvvn2x0joqodc","EIGER WS FORTUNE PRINTED SHIRT","344.000","-1%","https://deo.shopeemobile.com/shopee/modules-federation/live/0/shopee__item-card-centralisation/0.1.11/pc/b4d1b8a78b3621dbdf4a.svg","Pilih Lokal","4.9","40 terjual"
"https://shopee.co.id/EIGER-WS-BUOYANT-PANTS-i.19260065.26900115733?extraParams=%7B%22display_model_id%22%3A255836983292%2C%22model_selection_logic%22%3A3%7D","https://down-id.img.susercontent.com/file/id-11134207-7r98w-lvcxqq0rry1173","https://down-id.img.susercontent.com/file/id-11134258-82250-mkvvn2x0joqodc","EIGER WS BUOYANT PANTS","544.000","-4%","https://deo.shopeemobile.com/shopee/modules-federation/live/0/shopee__item-card-centralisation/0.1.11/pc/b4d1b8a78b3621dbdf4a.svg","Pilih Lokal","5.0","104 terjual"
"https://shopee.co.id/EIGER-WS-GEVA-WIDE-LEG-PANTS-i.19260065.26013313593?extraParams=%7B%22display_model_id%22%3A223288913189%2C%22model_selection_logic%22%3A3%7D","https://down-id.img.susercontent.com/file/id-11134207-7rasl-m1y26ik4bbf4bc","https://down-id.img.susercontent.com/file/id-11134258-82250-mkvvn2x0joqodc","EIGER WS GEVA WIDE LEG PANTS","434.000","-3%","https://deo.shopeemobile.com/shopee/modules-federation/live/0/shopee__item-card-centralisation/0.1.11/pc/b4d1b8a78b3621dbdf4a.svg","Pilih Lokal","5.0","183 terjual"
"https://shopee.co.id/EIGER-ACT-WHIMSIWALK-MEN-SHORTS-i.19260065.28786588625?extraParams=%7B%22display_model_id%22%3A237820845393%2C%22model_selection_logic%22%3A3%7D","https://down-id.img.susercontent.com/file/id-11134207-7rbk1-m9yj9nk2r1gz33","https://down-id.img.susercontent.com/file/id-11134258-82250-mkvvn2x0joqodc","EIGER ACT WHIMSIWALK MEN SHORTS","364.000","-4%","https://deo.shopeemobile.com/shopee/modules-federation/live/0/shopee__item-card-centralisation/0.1.11/pc/b4d1b8a78b3621dbdf4a.svg","Pilih Lokal","5.0","23 terjual"
"https://shopee.co.id/EIGER-WOMEN-HANDLE-WITH-CARE-LS-TEE-1.0-i.19260065.40201095780?extraParams=%7B%22display_model_id%22%3A305087399445%2C%22model_selection_logic%22%3A3%7D","https://down-id.img.susercontent.com/file/id-11134207-7rbk5-m9ts2pvqvxo026","https://down-id.img.susercontent.com/file/id-11134258-82250-mkvvn2x0joqodc","EIGER WOMEN HANDLE WITH CARE LS TEE 1.0","162.200","-22%","https://deo.shopeemobile.com/shopee/modules-federation/live/0/shopee__item-card-centralisation/0.1.11/pc/b4d1b8a78b3621dbdf4a.svg","Pilih Lokal","4.8","82 terjual"
"https://shopee.co.id/EIGER-MS-LORENTZ-XG-3L-PANTS-i.19260065.23070332118?extraParams=%7B%22display_model_id%22%3A196801030603%2C%22model_selection_logic%22%3A3%7D","https://down-id.img.susercontent.com/file/id-11134207-7qul9-lhr1pcy4j91b33","https://down-id.img.susercontent.com/file/id-11134258-82250-mkvvn2x0joqodc","EIGER MS LORENTZ XG 3L PANTS","2.474.000","-3%","https://deo.shopeemobile.com/shopee/modules-federation/live/0/shopee__item-card-centralisation/0.1.11/pc/b4d1b8a78b3621dbdf4a.svg","Pilih Lokal","5.0","6 terjual"
"https://shopee.co.id/EIGER-WS-KAUWELA-PRINTED-SHORTS-i.19260065.24388356259?extraParams=%7B%22display_model_id%22%3A69836898338%2C%22model_selection_logic%22%3A3%7D","https://down-id.img.susercontent.com/file/id-11134207-7rask-m2ktpeyz9ydb93","https://down-id.img.susercontent.com/file/id-11134258-82250-mkvvn2x0joqodc","EIGER WS KAUWELA PRINTED SHORTS","204.000","-2%","https://deo.shopeemobile.com/shopee/modules-federation/live/0/shopee__item-card-centralisation/0.1.11/pc/b4d1b8a78b3621dbdf4a.svg","Pilih Lokal","5.0","38 terjual"
"https://shopee.co.id/EIGER-X-WOMEN-EASY-PEASY-PANTS-i.19260065.40106569561?extraParams=%7B%22display_model_id%22%3A285553621269%2C%22model_selection_logic%22%3A3%7D","https://down-id.img.susercontent.com/file/id-11134207-7ra0p-mbkdj82kb3ir53","https://down-id.img.susercontent.com/file/id-11134258-82250-mkvvn2x0joqodc","EIGER X WOMEN EASY PEASY PANTS","504.000","-5%","https://deo.shopeemobile.com/shopee/modules-federation/live/0/shopee__item-card-centralisation/0.1.11/pc/b4d1b8a78b3621dbdf4a.svg","Pilih Lokal","4.6","25 terjual"
"https://shopee.co.id/EIGER-ACT-ALL-DAY-ACT-MEN-SS-T-SHIRT-i.19260065.42500948551?extraParams=%7B%22display_model_id%22%3A198519027065%2C%22model_selection_logic%22%3A3%7D","https://down-id.img.susercontent.com/file/id-11134207-7rbka-m9y9t9xupjf6a5","https://down-id.img.susercontent.com/file/id-11134258-82250-mkvvn2x0joqodc","EIGER ACT ALL DAY ACT MEN SS T-SHIRT","194.000","-3%","https://deo.shopeemobile.com/shopee/modules-federation/live/0/shopee__item-card-centralisation/0.1.11/pc/b4d1b8a78b3621dbdf4a.svg","Pilih Lokal","5.0","57 terjual"
"https://shopee.co.id/EIGER-WS-CRANK-UP-BOMBER-JACKET-i.19260065.20185400781?extraParams=%7B%22display_model_id%22%3A187112010066%2C%22model_selection_logic%22%3A3%7D","https://down-id.img.susercontent.com/file/id-11134207-7r98o-ln0zgjd50hevcd","https://down-id.img.susercontent.com/file/id-11134258-82250-mkvvn2x0joqodc","EIGER WS CRANK UP BOMBER JACKET","604.000","-4%","https://deo.shopeemobile.com/shopee/modules-federation/live/0/shopee__item-card-centralisation/0.1.11/pc/b4d1b8a78b3621dbdf4a.svg","Pilih Lokal","4.8","214 terjual"
"https://shopee.co.id/EIGER-X-VERTIC-JOGGER-PANTS-i.19260065.41464056604?extraParams=%7B%22display_model_id%22%3A157917614455%2C%22model_selection_logic%22%3A3%7D","https://down-id.img.susercontent.com/file/id-11134207-7ra0t-mdmoecs4ws33e8","https://down-id.img.susercontent.com/file/id-11134258-82250-mkvvn2x0joqodc","EIGER X-VERTIC JOGGER PANTS","376.200","-23%","https://deo.shopeemobile.com/shopee/modules-federation/live/0/shopee__item-card-centralisation/0.1.11/pc/b4d1b8a78b3621dbdf4a.svg","Pilih Lokal","5.0","23 terjual"
"https://shopee.co.id/EIGER-WS-FERVOR-INSULATED-JACKET-i.19260065.26505730439?extraParams=%7B%22display_model_id%22%3A256224552221%2C%22model_selection_logic%22%3A3%7D","https://down-id.img.susercontent.com/file/id-11134207-7r98u-lxw1lw5ia5qlfe","https://down-id.img.susercontent.com/file/id-11134258-82250-mkvvn2x0joqodc","EIGER WS FERVOR INSULATED JACKET","1.464.000","-5%","https://deo.shopeemobile.com/shopee/modules-federation/live/0/shopee__item-card-centralisation/0.1.11/pc/b4d1b8a78b3621dbdf4a.svg","Pilih Lokal","5.0","52 terjual"
"https://shopee.co.id/EIGER-SKYTRAP-FLANNEL-SHIRT-LS-i.19260065.29264129189?extraParams=%7B%22display_model_id%22%3A139098578374%2C%22model_selection_logic%22%3A3%7D","https://down-id.img.susercontent.com/file/id-11134207-7rask-m1ezj2068xczca","https://down-id.img.susercontent.com/file/id-11134258-82250-mkvvn2x0joqodc","EIGER SKYTRAP FLANNEL SHIRT LS","288.300","-31%","https://deo.shopeemobile.com/shopee/modules-federation/live/0/shopee__item-card-centralisation/0.1.11/pc/b4d1b8a78b3621dbdf4a.svg","Pilih Lokal","4.9","93 terjual"
"https://shopee.co.id/EIGER-WS-LORENTZ-XG-3L-PANTS-i.19260065.23449566140?extraParams=%7B%22display_model_id%22%3A204464695193%2C%22model_selection_logic%22%3A3%7D","https://down-id.img.susercontent.com/file/id-11134207-7qul9-ljp0sdtfa3ai8f","https://down-id.img.susercontent.com/file/id-11134258-82250-mkvvn2x0joqodc","EIGER WS LORENTZ XG 3L PANTS","2.424.000","-3%","https://deo.shopeemobile.com/shopee/modules-federation/live/0/shopee__item-card-centralisation/0.1.11/pc/b4d1b8a78b3621dbdf4a.svg","Pilih Lokal","5.0","2 terjual"
"https://shopee.co.id/EIGER-RUSHLAND-WAFFLE-T-SHIRT-i.19260065.29825700446?extraParams=%7B%22display_model_id%22%3A242609875501%2C%22model_selection_logic%22%3A3%7D","https://down-id.img.susercontent.com/file/id-11134207-7rasb-m61zu2ol5dqrba","https://down-id.img.susercontent.com/file/id-11134258-82250-mkvvn2x0joqodc","EIGER RUSHLAND WAFFLE T-SHIRT","150.400","-42%","https://deo.shopeemobile.com/shopee/modules-federation/live/0/shopee__item-card-centralisation/0.1.11/pc/b4d1b8a78b3621dbdf4a.svg","Pilih Lokal","4.9","91 terjual"
"https://shopee.co.id/EIGER-MOVE-1.3-SHORTS-i.19260065.2957505519?extraParams=%7B%22display_model_id%22%3A77257786460%2C%22model_selection_logic%22%3A3%7D","https://down-id.img.susercontent.com/file/6a9ecb6be98218824d3439289c16ac60","https://down-id.img.susercontent.com/file/id-11134258-82250-mkvvn2x0joqodc","EIGER MOVE 1.3 SHORTS","354.240","-4%","https://deo.shopeemobile.com/shopee/modules-federation/live/0/shopee__item-card-centralisation/0.1.11/pc/b4d1b8a78b3621dbdf4a.svg","Pilih Lokal","4.9","191 terjual"
"https://shopee.co.id/EIGER-MEN'S-TERRA-STRYKE-PANTS-i.19260065.24837815094?extraParams=%7B%22display_model_id%22%3A128099030434%2C%22model_selection_logic%22%3A3%7D","https://down-id.img.susercontent.com/file/id-11134207-7rasj-m20hzh1e11jddc","https://down-id.img.susercontent.com/file/id-11134258-82250-mkvvn2x0joqodc","EIGER MEN'S TERRA STRYKE PANTS","751.060","-6%","https://deo.shopeemobile.com/shopee/modules-federation/live/0/shopee__item-card-centralisation/0.1.11/pc/b4d1b8a78b3621dbdf4a.svg","Pilih Lokal","4.8","149 terjual"
"https://shopee.co.id/EIGER-OUTRIDE-TSHIRT-LS-i.19260065.42101005024?extraParams=%7B%22display_model_id%22%3A270078813809%2C%22model_selection_logic%22%3A3%7D","https://down-id.img.susercontent.com/file/id-11134207-7rbk8-m9si2bfoct2oe7","https://down-id.img.susercontent.com/file/id-11134258-82250-mkvvn2x0joqodc","EIGER OUTRIDE TSHIRT LS","224.000","-2%","https://deo.shopeemobile.com/shopee/modules-federation/live/0/shopee__item-card-centralisation/0.1.11/pc/b4d1b8a78b3621dbdf4a.svg","Pilih Lokal","5.0","171 terjual"
"https://shopee.co.id/EIGER-CAMPRIDE-SS-T-SHIRT-i.19260065.57556277018?extraParams=%7B%22display_model_id%22%3A405568420485%2C%22model_selection_logic%22%3A3%7D","https://down-id.img.susercontent.com/file/id-11134207-8224v-mkvtv14exgjn54","https://down-id.img.susercontent.com/file/id-11134258-82250-mkvvn2x0joqodc","EIGER CAMPRIDE SS T-SHIRT","194.000","-3%","https://deo.shopeemobile.com/shopee/modules-federation/live/0/shopee__item-card-centralisation/0.1.11/pc/b4d1b8a78b3621dbdf4a.svg","Pilih Lokal","4.9","85 terjual"
"https://shopee.co.id/EIGER-WOMEN-VIRERE-GRAPHIC-SS-TEES-i.19260065.29386566542?extraParams=%7B%22display_model_id%22%3A275066902043%2C%22model_selection_logic%22%3A3%7D","https://down-id.img.susercontent.com/file/id-11134207-7rbkc-m9r0ago0ihobf2","https://down-id.img.susercontent.com/file/id-11134258-82250-mkvvn2x0joqodc","EIGER WOMEN VIRERE GRAPHIC SS TEES","184.000","-3%","https://deo.shopeemobile.com/shopee/modules-federation/live/0/shopee__item-card-centralisation/0.1.11/pc/b4d1b8a78b3621dbdf4a.svg","Pilih Lokal","4.9","55 terjual"
"https://shopee.co.id/EIGER-MENS-ZENITH-XG-SOFTSHELL-PANTS-i.19260065.19782365781?extraParams=%7B%22display_model_id%22%3A128693052237%2C%22model_selection_logic%22%3A3%7D","https://down-id.img.susercontent.com/file/id-11134207-7qul5-ljqefm9evcbf33","https://down-id.img.susercontent.com/file/id-11134258-82250-mkvvn2x0joqodc","EIGER MENS ZENITH XG SOFTSHELL PANTS","789.200","-25%","https://deo.shopeemobile.com/shopee/modules-federation/live/0/shopee__item-card-centralisation/0.1.11/pc/b4d1b8a78b3621dbdf4a.svg","Pilih Lokal","4.9","39 terjual"
"https://shopee.co.id/EIGER-MENS-X-SENTINEL-SS-SHIRT-i.19260065.27952401159?extraParams=%7B%22display_model_id%22%3A176518176874%2C%22model_selection_logic%22%3A3%7D","https://down-id.img.susercontent.com/file/id-11134207-7r991-lwds80j40gl967","https://down-id.img.susercontent.com/file/id-11134258-82250-mkvvn2x0joqodc","EIGER MENS X-SENTINEL SS SHIRT","424.000","-3%","https://deo.shopeemobile.com/shopee/modules-federation/live/0/shopee__item-card-centralisation/0.1.11/pc/b4d1b8a78b3621dbdf4a.svg","Pilih Lokal","4.8","66 terjual"
"https://shopee.co.id/EIGER-WS-WANOKAKA-SHACKET-SHIRT-JACKET-WOMAN-i.19260065.5697702724?extraParams=%7B%22display_model_id%22%3A241364206486%2C%22model_selection_logic%22%3A3%7D","https://down-id.img.susercontent.com/file/id-11134207-7r98u-lyubg35yldzcba","https://down-id.img.susercontent.com/file/id-11134258-82250-mkvvn2x0joqodc","EIGER WS WANOKAKA SHACKET SHIRT JACKET WOMAN","364.000","-4%","https://deo.shopeemobile.com/shopee/modules-federation/live/0/shopee__item-card-centralisation/0.1.11/pc/b4d1b8a78b3621dbdf4a.svg","Pilih Lokal","4.9","398 terjual"
"https://shopee.co.id/EIGER-CROSSTOWN-SHIRT-SS-1F-i.19260065.42057627519?extraParams=%7B%22display_model_id%22%3A300647641085%2C%22model_selection_logic%22%3A3%7D","https://down-id.img.susercontent.com/file/id-11134207-7ra0h-mbw3kwqq1etzbb","https://down-id.img.susercontent.com/file/id-11134258-82250-mkvvn2x0joqodc","EIGER CROSSTOWN SHIRT SS 1F","216.400","-41%","https://deo.shopeemobile.com/shopee/modules-federation/live/0/shopee__item-card-centralisation/0.1.11/pc/b4d1b8a78b3621dbdf4a.svg","Pilih Lokal","4.9","72 terjual"
"https://shopee.co.id/EIGER-ALBON-SHIRT-LS-i.19260065.28068347354?extraParams=%7B%22display_model_id%22%3A195576185623%2C%22model_selection_logic%22%3A3%7D","https://down-id.img.susercontent.com/file/id-11134207-7rasl-m2vqr4d1s7m98f","https://down-id.img.susercontent.com/file/id-11134258-82250-mkvvn2x0joqodc","EIGER ALBON SHIRT LS","274.300","-31%","https://deo.shopeemobile.com/shopee/modules-federation/live/0/shopee__item-card-centralisation/0.1.11/pc/b4d1b8a78b3621dbdf4a.svg","Pilih Lokal","4.9","156 terjual"
"https://shopee.co.id/EIGER-AANVAL-COMBAT-SHIRT-LS-i.19260065.20859033987?extraParams=%7B%22display_model_id%22%3A148628860266%2C%22model_selection_logic%22%3A3%7D","https://down-id.img.susercontent.com/file/sg-11134201-22100-lknlkrmalbjv87","https://down-id.img.susercontent.com/file/id-11134258-82250-mkvvn2x0joqodc","EIGER AANVAL COMBAT SHIRT LS","348.768","-33%","https://deo.shopeemobile.com/shopee/modules-federation/live/0/shopee__item-card-centralisation/0.1.11/pc/b4d1b8a78b3621dbdf4a.svg","Pilih Lokal","4.7","52 terjual"
"https://shopee.co.id/EIGER-WS-WOMENS-NEO-CLIMB-SHORTS-i.19260065.23167916242?extraParams=%7B%22display_model_id%22%3A235208550183%2C%22model_selection_logic%22%3A3%7D","https://down-id.img.susercontent.com/file/id-11134207-7qula-lgsxt3q3ib5761","https://down-id.img.susercontent.com/file/id-11134258-82250-mkvvn2x0joqodc","EIGER WS WOMENS NEO CLIMB SHORTS","364.000","-4%","https://deo.shopeemobile.com/shopee/modules-federation/live/0/shopee__item-card-centralisation/0.1.11/pc/b4d1b8a78b3621dbdf4a.svg","Pilih Lokal","5.0","45 terjual"
"https://shopee.co.id/EIGER-TOURIDE-BASELAYER-SHORTS-i.19260065.44168174940?extraParams=%7B%22display_model_id%22%3A253875152796%2C%22model_selection_logic%22%3A3%7D","https://down-id.img.susercontent.com/file/id-11134207-81ztc-mefas4j8c1s60b","https://down-id.img.susercontent.com/file/id-11134258-82250-mkvvn2x0joqodc","EIGER TOURIDE BASELAYER SHORTS","344.000","-1%","https://deo.shopeemobile.com/shopee/modules-federation/live/0/shopee__item-card-centralisation/0.1.11/pc/b4d1b8a78b3621dbdf4a.svg","Pilih Lokal","5.0","4 terjual"
"https://shopee.co.id/EIGER-ACT-CORECOMFORT-WOMEN-SHORTS-i.19260065.41150934606?extraParams=%7B%22display_model_id%22%3A285075253403%2C%22model_selection_logic%22%3A3%7D","https://down-id.img.susercontent.com/file/id-11134207-7rbk9-m9ykvq1bxuyj8c","https://down-id.img.susercontent.com/file/id-11134258-82250-mkvvn2x0joqodc","EIGER ACT CORECOMFORT WOMEN SHORTS","254.000","-2%","https://deo.shopeemobile.com/shopee/modules-federation/live/0/shopee__item-card-centralisation/0.1.11/pc/b4d1b8a78b3621dbdf4a.svg","Pilih Lokal","5.0","16 terjual"
"https://shopee.co.id/EIGER-X-MONTEREN-T-SHIRT-i.19260065.18306599863?extraParams=%7B%22display_model_id%22%3A210376797557%2C%22model_selection_logic%22%3A3%7D","https://down-id.img.susercontent.com/file/13f38529ae3ff04dcd5c9ac923eccebd","https://down-id.img.susercontent.com/file/id-11134258-82250-mkvvn2x0joqodc","EIGER X-MONTEREN T-SHIRT","194.000","-3%","https://deo.shopeemobile.com/shopee/modules-federation/live/0/shopee__item-card-centralisation/0.1.11/pc/b4d1b8a78b3621dbdf4a.svg","Pilih Lokal","4.9","879 terjual"
"https://shopee.co.id/EIGER-RAINTOUR-SS-SHIRT-FP-i.19260065.25128061917?extraParams=%7B%22display_model_id%22%3A250755603112%2C%22model_selection_logic%22%3A3%7D","https://down-id.img.susercontent.com/file/id-11134207-7r98p-luuaqecstz5g8e","https://down-id.img.susercontent.com/file/id-11134258-82250-mkvvn2x0joqodc","EIGER RAINTOUR SS SHIRT FP","344.640","-4%","https://deo.shopeemobile.com/shopee/modules-federation/live/0/shopee__item-card-centralisation/0.1.11/pc/b4d1b8a78b3621dbdf4a.svg","Pilih Lokal","4.8","87 terjual"
"https://shopee.co.id/EIGER-SAFAR-CHINOS-JOGGER-PANTS-i.19260065.21096425146?extraParams=%7B%22display_model_id%22%3A178136376342%2C%22model_selection_logic%22%3A3%7D","https://down-id.img.susercontent.com/file/id-11134207-7r98w-ltc5nz4ovh9jcf","https://down-id.img.susercontent.com/file/id-11134258-82250-mkvvn2x0joqodc","EIGER SAFAR CHINOS JOGGER PANTS","414.000","-3%","https://deo.shopeemobile.com/shopee/modules-federation/live/0/shopee__item-card-centralisation/0.1.11/pc/b4d1b8a78b3621dbdf4a.svg","Pilih Lokal","4.9","174 terjual"
"https://shopee.co.id/EIGER-KALENA-SWEATSHORTS-i.19260065.22372651582?extraParams=%7B%22display_model_id%22%3A196855198610%2C%22model_selection_logic%22%3A3%7D","https://down-id.img.susercontent.com/file/id-11134207-7qukz-lisfsw8ioo837a","https://down-id.img.susercontent.com/file/id-11134258-82250-mkvvn2x0joqodc","EIGER KALENA SWEATSHORTS","198.400","-41%","https://deo.shopeemobile.com/shopee/modules-federation/live/0/shopee__item-card-centralisation/0.1.11/pc/b4d1b8a78b3621dbdf4a.svg","Pilih Lokal","4.9","83 terjual"
"https://shopee.co.id/EIGER-WALL-WIZARDS-T-SHIRT-i.19260065.26538753513?extraParams=%7B%22display_model_id%22%3A261158929375%2C%22model_selection_logic%22%3A3%7D","https://down-id.img.susercontent.com/file/id-11134207-7ra0g-mcaasc5f9awr7c","https://down-id.img.susercontent.com/file/id-11134258-82250-mkvvn2x0joqodc","EIGER WALL WIZARDS T-SHIRT","164.000","-3%","https://deo.shopeemobile.com/shopee/modules-federation/live/0/shopee__item-card-centralisation/0.1.11/pc/b4d1b8a78b3621dbdf4a.svg","Pilih Lokal","4.9","100 terjual"
"https://shopee.co.id/EIGER-WS-MEPIE-SHIRT-i.19260065.23652423310?extraParams=%7B%22display_model_id%22%3A231952070923%2C%22model_selection_logic%22%3A3%7D","https://down-id.img.susercontent.com/file/id-11134207-7r98o-lkt9xhmfh3b636","https://down-id.img.susercontent.com/file/id-11134258-82250-mkvvn2x0joqodc","EIGER WS MEPIE SHIRT","344.000","-1%","https://deo.shopeemobile.com/shopee/modules-federation/live/0/shopee__item-card-centralisation/0.1.11/pc/b4d1b8a78b3621dbdf4a.svg","Pilih Lokal","4.9","86 terjual"
"https://shopee.co.id/EIGER-WS-BRAWLER-PANTS-i.19260065.25834671789?extraParams=%7B%22display_model_id%22%3A251366607865%2C%22model_selection_logic%22%3A3%7D","https://down-id.img.susercontent.com/file/id-11134207-7r992-lyubg368utr4ae","https://down-id.img.susercontent.com/file/id-11134258-82250-mkvvn2x0joqodc","EIGER WS BRAWLER PANTS","724.000","-3%","https://deo.shopeemobile.com/shopee/modules-federation/live/0/shopee__item-card-centralisation/0.1.11/pc/b4d1b8a78b3621dbdf4a.svg","Pilih Lokal","4.9","68 terjual"
"https://shopee.co.id/EIGER-SOLIMANA-SHIRT-SS-i.19260065.24035735862?extraParams=%7B%22display_model_id%22%3A241543271488%2C%22model_selection_logic%22%3A3%7D","https://down-id.img.susercontent.com/file/id-11134207-7r98u-lzufx8r6eb4rbe","https://down-id.img.susercontent.com/file/id-11134258-82250-mkvvn2x0joqodc","EIGER SOLIMANA SHIRT SS","204.400","-41%","https://deo.shopeemobile.com/shopee/modules-federation/live/0/shopee__item-card-centralisation/0.1.11/pc/b4d1b8a78b3621dbdf4a.svg","Pilih Lokal","4.9","165 terjual"
"https://shopee.co.id/EIGER-KARIMATA-SWEATER-HOODIE-ZIP-i.19260065.49453888787?extraParams=%7B%22display_model_id%22%3A445368104308%2C%22model_selection_logic%22%3A3%7D","https://down-id.img.susercontent.com/file/id-11134207-8224y-mitmq5c07q4n7e","https://down-id.img.susercontent.com/file/id-11134258-82250-mkvvn2x0joqodc","EIGER KARIMATA SWEATER HOODIE ZIP","524.000","-5%","https://deo.shopeemobile.com/shopee/modules-federation/live/0/shopee__item-card-centralisation/0.1.11/pc/b4d1b8a78b3621dbdf4a.svg","Pilih Lokal","4.6","84 terjual"
"https://shopee.co.id/EIGER-DAYTOUR-CREWNECK-SWEATER-i.19260065.25642589736?extraParams=%7B%22display_model_id%22%3A178776317033%2C%22model_selection_logic%22%3A3%7D","https://down-id.img.susercontent.com/file/id-11134207-7rbkc-m7a6s4vbtiwcfa","https://down-id.img.susercontent.com/file/id-11134258-82250-mkvvn2x0joqodc","EIGER DAYTOUR CREWNECK SWEATER","274.200","-21%","https://deo.shopeemobile.com/shopee/modules-federation/live/0/shopee__item-card-centralisation/0.1.11/pc/b4d1b8a78b3621dbdf4a.svg","Pilih Lokal","5.0","47 terjual"
"https://shopee.co.id/EIGER-ACT-FUNFUSION-WOMEN'S-JACKET-i.19260065.26536593497?extraParams=%7B%22display_model_id%22%3A260075865488%2C%22model_selection_logic%22%3A3%7D","https://down-id.img.susercontent.com/file/id-11134207-7rbk8-m9zclfvs8x8330","https://down-id.img.susercontent.com/file/id-11134258-82250-mkvvn2x0joqodc","EIGER ACT FUNFUSION WOMEN'S JACKET","614.000","-4%","https://deo.shopeemobile.com/shopee/modules-federation/live/0/shopee__item-card-centralisation/0.1.11/pc/b4d1b8a78b3621dbdf4a.svg","Pilih Lokal","5.0","85 terjual"
"https://shopee.co.id/EIGER-WS-GEVA-COLLARLESS-JACKET-i.19260065.27013149282?extraParams=%7B%22display_model_id%22%3A168452587281%2C%22model_selection_logic%22%3A3%7D","https://down-id.img.susercontent.com/file/id-11134207-7ras9-m1y220tizymha9","https://down-id.img.susercontent.com/file/id-11134258-82250-mkvvn2x0joqodc","EIGER WS GEVA COLLARLESS JACKET","514.000","-5%","https://deo.shopeemobile.com/shopee/modules-federation/live/0/shopee__item-card-centralisation/0.1.11/pc/b4d1b8a78b3621dbdf4a.svg","Pilih Lokal","5.0","235 terjual"
"https://shopee.co.id/EIGER-X-STRYDER-PANTS-i.19260065.24888215526?extraParams=%7B%22display_model_id%22%3A118507458603%2C%22model_selection_logic%22%3A3%7D","https://down-id.img.susercontent.com/file/id-11134207-7rasd-m2g4pfmtiy5wa2","https://down-id.img.susercontent.com/file/id-11134258-82250-mkvvn2x0joqodc","EIGER X-STRYDER PANTS","384.200","-23%","https://deo.shopeemobile.com/shopee/modules-federation/live/0/shopee__item-card-centralisation/0.1.11/pc/b4d1b8a78b3621dbdf4a.svg","Pilih Lokal","4.9","209 terjual"
"https://shopee.co.id/EIGER-ACT-NEOLIGHT-WOMEN'S-PANTS-i.19260065.29636593510?extraParams=%7B%22display_model_id%22%3A275075244621%2C%22model_selection_logic%22%3A3%7D","https://down-id.img.susercontent.com/file/id-11134207-7rbkd-m9yhpbjykfln0b","https://down-id.img.susercontent.com/file/id-11134258-82250-mkvvn2x0joqodc","EIGER ACT NEOLIGHT WOMEN'S PANTS","384.000","-4%","https://deo.shopeemobile.com/shopee/modules-federation/live/0/shopee__item-card-centralisation/0.1.11/pc/b4d1b8a78b3621dbdf4a.svg","Pilih Lokal","4.9 Penilaian Toko",""
"https://shopee.co.id/EIGER-X-COLMAR-JOGGER-PANTS-i.19260065.44418481926?extraParams=%7B%22display_model_id%22%3A258882412004%2C%22model_selection_logic%22%3A3%7D","https://down-id.img.susercontent.com/file/id-11134207-81ztn-mei4aqr57mrk66","https://down-id.img.susercontent.com/file/id-11134258-82250-mkvvn2x0joqodc","EIGER X-COLMAR JOGGER PANTS","288.400","-41%","https://deo.shopeemobile.com/shopee/modules-federation/live/0/shopee__item-card-centralisation/0.1.11/pc/b4d1b8a78b3621dbdf4a.svg","Pilih Lokal","4.9","40 terjual"
"https://shopee.co.id/EIGER-WS-AMITY-OVERSIZED-SHIRT-i.19260065.22547128139?extraParams=%7B%22display_model_id%22%3A99391186349%2C%22model_selection_logic%22%3A3%7D","https://down-id.img.susercontent.com/file/id-11134207-7qukx-lisb0q7wkr6r9b","https://down-id.img.susercontent.com/file/id-11134258-82250-mkvvn2x0joqodc","EIGER WS AMITY OVERSIZED SHIRT","424.000","-3%","https://deo.shopeemobile.com/shopee/modules-federation/live/0/shopee__item-card-centralisation/0.1.11/pc/b4d1b8a78b3621dbdf4a.svg","Pilih Lokal","4.9","162 terjual"
"https://shopee.co.id/EIGER-SANTALUM-SWEATER-JACKET-i.19260065.49252024003?extraParams=%7B%22display_model_id%22%3A325196880353%2C%22model_selection_logic%22%3A3%7D","https://down-id.img.susercontent.com/file/id-11134207-8224v-mhfxnsmbvmrvda","https://down-id.img.susercontent.com/file/id-11134258-82250-mkvvn2x0joqodc","EIGER SANTALUM SWEATER JACKET","474.000","-3%","https://deo.shopeemobile.com/shopee/modules-federation/live/0/shopee__item-card-centralisation/0.1.11/pc/b4d1b8a78b3621dbdf4a.svg","Pilih Lokal","4.7","88 terjual"
"https://shopee.co.id/EIGER-MENS-ZENITH-WARMER-JACKET-i.19260065.22087966329?extraParams=%7B%22display_model_id%22%3A225881352793%2C%22model_selection_logic%22%3A3%7D","https://down-id.img.susercontent.com/file/id-11134207-7r992-lp1kvhucg28de8","https://down-id.img.susercontent.com/file/id-11134258-82250-mkvvn2x0joqodc","EIGER MENS ZENITH WARMER JACKET","1.574.000","-5%","https://deo.shopeemobile.com/shopee/modules-federation/live/0/shopee__item-card-centralisation/0.1.11/pc/b4d1b8a78b3621dbdf4a.svg","Pilih Lokal","4.9","19 terjual"
"https://shopee.co.id/EIGER-TN-SIBERUT-SS-TEES-i.19260065.23201078254?extraParams=%7B%22display_model_id%22%3A212812334195%2C%22model_selection_logic%22%3A3%7D","https://down-id.img.susercontent.com/file/sg-11134201-22100-oz2pqpcinuiv9e","https://down-id.img.susercontent.com/file/id-11134258-82250-mkvvn2x0joqodc","EIGER TN SIBERUT SS TEES","150.400","-42%","https://deo.shopeemobile.com/shopee/modules-federation/live/0/shopee__item-card-centralisation/0.1.11/pc/b4d1b8a78b3621dbdf4a.svg","Pilih Lokal","4.9","140 terjual"
"https://shopee.co.id/EIGER-NEW-CRUSADER-PANTS-i.19260065.26211040004?extraParams=%7B%22display_model_id%22%3A138044385950%2C%22model_selection_logic%22%3A3%7D","https://down-id.img.susercontent.com/file/id-11134207-7r98v-m02q70tk8kcoa0","https://down-id.img.susercontent.com/file/id-11134258-82250-mkvvn2x0joqodc","EIGER NEW CRUSADER PANTS","494.000","-5%","https://deo.shopeemobile.com/shopee/modules-federation/live/0/shopee__item-card-centralisation/0.1.11/pc/b4d1b8a78b3621dbdf4a.svg","Pilih Lokal","4.9","82 terjual"
"https://shopee.co.id/EIGER-WS-LIGHT-BRAWLER-PANTS-i.19260065.29357707066?extraParams=%7B%22display_model_id%22%3A251366853439%2C%22model_selection_logic%22%3A3%7D","https://down-id.img.susercontent.com/file/id-11134207-7r98s-lyup3l8thnwl08","https://down-id.img.susercontent.com/file/id-11134258-82250-mkvvn2x0joqodc","EIGER WS LIGHT BRAWLER PANTS","594.000","-4%","https://deo.shopeemobile.com/shopee/modules-federation/live/0/shopee__item-card-centralisation/0.1.11/pc/b4d1b8a78b3621dbdf4a.svg","Pilih Lokal","4.9","113 terjual"